ADM2_EN,ADM3_EN,Area,pop_mild_dro,pop_mod_dro,pop_sev_dro,pop_ex_dro,pop_mse_dro,pop_se_dro,pct_mild_dro,pct_mod_dr,pct_sev_dro,pct_ex_dro,pct_mse_dro,pct_se_dr,pop2020,pop_low,pop_mod,pop_high,pop_vhigh,pop_risk,pop_hvhigh,pct_low,pct_mod,pct_high,pct_vhigh,pct_risk,pvt_hvhigh,pct_norisk,pct_hverisk,flood_high_cat,drought_sev_cat
Jaffna,[unknown],12,316,3416,5076,462,8954,5538,2.09634557,22.69563331,33.72184594,3.068810607,59.48628986,36.79065655,15053,1608,1497,296,0,1793,296,10.68225603,9.944861489,1.966385438,0,11.91124693,1.966385438,77.40649704,22.59350296,2.00,2.00
Ampara,Addalaichenai,74,0,21926,19592,0,41519,19592,0,44.51561178,39.77763592,0,84.2932477,39.77763592,49255,12219,10870,1747,14,12631,1761,24.80763374,22.0688255,3.546848036,0.02842351,25.64409705,3.575271546,49.54826921,50.45173079,2.00,2.00
Kalutara,Agalawatta,92,0,0,5837,35783,41620,41620,0,0,13.85677126,84.94604302,98.80281428,98.80281428,42124,2021,2021,2068,1187,5276,3255,4.797740006,4.797740006,4.909315355,2.817871047,12.52492641,7.727186402,82.67733359,17.32266641,2.00,1.00
Ampara,Akkaraipattu,53,1,32985,202,0,33187,202,0.001567548,84.7328727,0.518195266,0,85.25106797,0.518195266,38928,6043,4745,4159,19,8923,4178,15.52353062,12.18916975,10.68382655,0.048808056,22.92180436,10.73263461,61.55466502,38.44533498,2.00,1.00
Galle,Akmeemana,71,0,0,34354,61411,95765,95765,0,0,34.75911707,62.13454968,96.89366676,96.89366676,98835,8124,6367,5862,1943,14172,7805,8.219760206,6.442049881,5.931097283,1.965902767,14.33904993,7.897000051,77.44118986,22.55881014,2.00,2.00
Kandy,Akurana,30,0,0,32582,30419,63000,63000,0,0,46.20217609,43.13459565,89.33677174,89.33677174,70520,2981,3964,1284,1566,6814,2850,4.227169597,5.621100397,1.820760068,2.220646625,9.66250709,4.041406693,86.11032331,13.88967669,2.00,2.00
Matara,Akuressa,150,0,579,49720,6037,56335,55757,0,1.012356445,86.97612521,10.5603046,98.54878626,97.53642981,57165,2263,1972,2571,2574,7117,5145,3.958715998,3.449663255,4.497507216,4.502755182,12.44992565,9.000262398,83.59135835,16.40864165,2.00,2.00
Kurunegala,Alawwa,130,0,0,0,68266,68266,68266,0,0,0,99.40019911,99.40019911,99.40019911,68678,3669,2787,2308,1452,6547,3760,5.342322141,4.058068086,3.360610385,2.114214159,9.532892629,5.474824544,85.12478523,14.87521477,2.00,1.00
Ampara,Alayadivembu,66,17,22906,0,0,22906,0,0.071349752,94.94896331,0,0,94.94896331,0,24125,3124,2179,2097,651,4927,2748,12.9492228,9.032124352,8.692227979,2.698445596,20.42279793,11.39067358,66.62797927,33.37202073,2.00,1.00
Nuwara Eliya,Ambagamuwa,481,38,29901,102372,71245,203518,173617,0.01853452,14.55547868,49.83338518,34.68102465,99.06988852,84.51440984,205429,10042,6048,4361,6543,16952,10904,4.888306909,2.94408287,2.12287457,3.185042034,8.251999474,5.307916604,86.85969362,13.14030638,2.00,2.00
Galle,Ambalangoda,49,0,0,31150,29018,60168,60168,0,0,47.06365271,43.84298843,90.90664114,90.90664114,66187,5582,4034,3766,178,7978,3944,8.43368033,6.094852463,5.689939112,0.268934987,12.05372656,5.958874099,79.51259311,20.48740689,2.00,2.00
Hambantota,Ambalantota,204,0,0,11013,67393,78406,78406,0,0,13.6964739,83.8150935,97.51156739,97.51156739,80407,3356,3492,4156,3782,11430,7938,4.173765966,4.342905468,5.168704217,4.703570585,14.21518027,9.872274802,81.61105376,18.38894624,2.00,1.00
Matale,Ambanganga,55,0,1686,12763,2093,16542,14856,0,10.30896973,78.0220588,12.79395883,101.1249874,90.81601763,16358,425,346,359,312,1017,671,2.598117129,2.115173004,2.194644822,1.907323634,6.21714146,4.101968456,91.18474141,8.815258589,2.00,2.00
Kurunegala,Ambanpola,139,0,0,4799,20338,25137,25137,0,0,18.97958258,80.44184998,99.42143256,99.42143256,25283,1323,1149,399,36,1584,435,5.232765099,4.54455563,1.578135506,0.142388166,6.265079302,1.720523672,88.5021556,11.4978444,2.00,1.00
Ampara,Ampara,133,12,45293,0,0,45293,0,0.024439083,95.31071826,0,0,95.31071826,0,47521,3441,2206,1301,224,3731,1525,7.241009238,4.642158204,2.737737,0.471370552,7.851265756,3.209107552,84.90772501,15.09227499,2.00,1.00
Puttalam,Anamaduwa,248,0,0,2726,39249,41975,41975,0,0,6.513027473,93.78800228,100.3010298,100.3010298,41849,2025,1558,687,116,2361,803,4.8388253,3.722908552,1.641616287,0.27718703,5.641711869,1.918803317,89.51946283,10.48053717,2.00,1.00
Hambantota,Angunakolapelessa,171,0,0,7836,44499,52334,52334,0,0,14.72623758,83.63184161,98.35807919,98.35807919,53208,3271,2249,1278,281,3808,1559,6.147571794,4.226807999,2.401894452,0.528116073,7.156818524,2.930010525,86.69560968,13.30439032,2.00,1.00
Puttalam,Arachchikattuwa,156,0,0,0,42936,42936,42936,0,0,0,99.06319462,99.06319462,99.06319462,43342,3639,3413,2087,286,5786,2373,8.396013105,7.87457893,4.815190808,0.659868026,13.34963776,5.475058834,78.25434913,21.74565087,2.00,1.00
Kegalle,Aranayake,120,0,0,1670,69081,70750,70750,0,0,2.346020917,97.05455592,99.40057684,99.40057684,71177,2794,1996,1873,2460,6329,4333,3.925425348,2.804276662,2.63146803,3.45617264,8.891917333,6.08764067,87.18265732,12.81734268,2.00,1.00
Matara,Athuraliya,63,0,10,33261,116,33388,33377,0,0.03042027,96.4254252,0.337049836,96.79289531,96.76247504,34494,1419,1496,3684,2150,7330,5834,4.113758915,4.336986143,10.68011828,6.232968052,21.25007248,16.91308633,74.63616861,25.36383139,2.00,2.00
Gampaha,Attanagalla,155,0,0,1340,197960,199300,199300,0,0,0.656985416,97.08369066,97.74067607,97.74067607,203907,15745,12250,12073,5424,29747,17497,7.721657422,6.007640738,5.92083646,2.660036193,14.58851339,8.580872653,77.68982919,22.31017081,2.00,1.00
Ratnapura,Ayagama,163,0,0,36,34784,34820,34820,0,0,0.105090951,101.2555471,101.3606381,101.3606381,34353,675,580,648,893,2121,1541,1.964893896,1.688353273,1.88629814,2.59948185,6.174133263,4.48577999,91.86097284,8.139027159,2.00,1.00
Monaragala,Badalkumbura,237,0,30262,12221,211,42694,12432,0,71.38853807,28.82944597,0.498314741,100.7162988,29.32776071,42390,1389,1081,709,379,2169,1088,3.276716207,2.550129748,1.672564284,0.894078792,5.116772824,2.566643076,91.60651097,8.39348903,2.00,2.00
Galle,Baddegama,113,0,0,80979,909,81888,81888,0,0,100.4651403,1.127720745,101.5928611,101.5928611,80604,5219,4258,5521,2903,12682,8424,6.474864771,5.282616247,6.849536003,3.601558235,15.73371049,10.45109424,77.79142474,22.20857526,2.00,2.00
Badulla,Badulla,49,0,1468,70347,0,71814,70347,0,1.871449011,89.70958705,0,91.58103607,89.70958705,78416,3181,2136,2893,5364,10393,8257,4.056570088,2.723933891,3.689298102,6.840440726,13.25367272,10.52973883,82.68975719,17.31024281,2.00,2.00
Ratnapura,Balangoda,274,5839,56193,7217,12257,75667,19474,6.992976503,67.29694184,8.643040055,14.67859975,90.61858165,23.3216398,83500,2900,2752,2291,1615,6658,3906,3.473053892,3.295808383,2.743712575,1.934131737,7.973652695,4.677844311,88.55329341,11.44670659,2.00,1.00
Galle,Balapitiya,49,0,0,0,59462,59462,59462,0,0,0,84.43491241,84.43491241,84.43491241,70424,6079,3805,1596,289,5690,1885,8.632000454,5.402987618,2.266272862,0.410371464,8.079631944,2.676644326,83.2883676,16.7116324,2.00,1.00
Kurunegala,Bamunakotuwa,111,0,0,131,53570,53701,53701,0,0,0.239026226,97.39385848,97.63288471,97.63288471,55003,3739,1956,1012,319,3287,1331,6.797811028,3.556169663,1.839899642,0.579968365,5.976037671,2.419868007,87.2261513,12.7738487,2.00,1.00
Kalutara,Bandaragama,56,0,0,0,125525,125525,125525,0,0,0,93.58833041,93.58833041,93.58833041,134125,11643,11214,7457,750,19421,8207,8.680708295,8.360857409,5.559739049,0.55917987,14.47977633,6.118918919,76.83951538,23.16048462,2.00,1.00
Badulla,Bandarawela,71,0,7801,59156,1912,68870,61068,0,10.80765593,81.95302128,2.64908197,95.40975918,84.60210324,72183,3150,1977,1431,1865,5273,3296,4.363908399,2.738872034,1.982461244,2.583710846,7.305044124,4.56617209,88.33104748,11.66895252,2.00,2.00
Hambantota,Beliatta,103,0,0,0,59637,59637,59637,0,0,0,99.96755775,99.96755775,99.96755775,59656,4088,3281,2279,920,6480,3199,6.852621698,5.499865898,3.82023602,1.542175137,10.86227706,5.362411157,82.28510125,17.71489875,2.00,1.00
Galle,Bentota,69,0,0,17503,33427,50930,50930,0,0,33.16610318,63.34117219,96.50727538,96.50727538,52773,4848,5297,2348,225,7870,2573,9.186515832,10.0373297,4.449244879,0.426354386,14.91292896,4.875599265,75.90055521,24.09944479,2.00,2.00
Kalutara,Beruwala,73,0,0,81314,89051,170365,170365,0,0,44.57367747,48.81440163,93.38807909,93.38807909,182427,15810,10478,8019,1596,20093,9615,8.666480291,5.74366733,4.395730895,0.874870496,11.01426872,5.270601391,80.31925099,19.68074901,2.00,2.00
Monaragala,Bibile,465,22934,18736,3,0,18740,3,55.52119495,45.35930501,0.008419122,0,45.36772413,0.008419122,41306,1574,1399,843,448,2690,1291,3.810584419,3.386917155,2.040865734,1.084588195,6.512371084,3.125453929,89.6770445,10.3229555,2.00,1.00
Kurunegala,Bingiriya,194,0,0,0,67179,67179,67179,0,0,0,98.99560064,98.99560064,98.99560064,67861,4435,3352,1555,264,5171,1819,6.535417987,4.939508702,2.291448697,0.389030518,7.619987916,2.680479215,85.8445941,14.1554059,2.00,1.00
Gampaha,Biyagama,61,0,0,0,205921,205921,205921,0,0,0,96.0688271,96.0688271,96.0688271,214347,15450,13678,22652,28646,64976,51298,7.20793853,6.381241632,10.56791091,13.36431114,30.31346368,23.93222205,62.47859779,37.52140221,2.00,1.00
Galle,Bope-Poddala,29,0,0,12363,45137,57500,57500,0,0,20.25731876,73.9554821,94.21280087,94.21280087,61032,6186,4029,2808,210,7047,3018,10.13566654,6.601454974,4.60086512,0.344081793,11.54640189,4.944946913,78.31793158,21.68206842,2.00,1.00
Kegalle,Bulathkohipitiya,125,0,0,27691,22426,50117,50117,0,0,55.37316033,44.84470402,100.2178644,100.2178644,50008,1350,924,920,1714,3558,2634,2.699568069,1.847704367,1.839705647,3.427451608,7.114861622,5.267157255,90.18557031,9.814429691,2.00,2.00
Kalutara,Bulathsinhala,211,0,0,404,68568,68973,68973,0,0,0.583017391,98.89279835,99.47581574,99.47581574,69336,2396,2206,2653,2374,7233,5027,3.455636322,3.1816084,3.826295142,3.423906773,10.43181031,7.250201915,86.11255336,13.88744664,2.00,1.00
Monaragala,Buttala,709,0,0,25243,28434,53677,53677,0,0,47.11890129,53.0754426,100.1943439,100.1943439,53573,3021,2534,1975,444,4953,2419,5.639034588,4.729994587,3.686558528,0.828775689,9.245328804,4.515334217,85.11563661,14.88436339,2.00,2.00
Puttalam,Chilaw,86,0,0,0,62650,62650,62650,0,0,0,97.03361086,97.03361086,97.03361086,64565,5493,2545,1822,180,4547,2002,8.507705413,3.941764114,2.821962364,0.278788817,7.042515295,3.100751181,84.44977929,15.55022071,2.00,1.00
Colombo,Colombo,18,0,0,0,249074,249074,249074,0,0,0,85.22697399,85.22697399,85.22697399,292248,26045,27084,29128,97,56309,29225,8.911951493,9.267471463,9.966877447,0.033190988,19.2675399,10.00006844,71.82050861,28.17949139,2.00,1.00
Ampara,Damana,465,21738,16894,0,0,16894,0,56.9869141,44.28824791,0,0,44.28824791,0,38146,1846,1388,1010,305,2703,1315,4.839301631,3.638651497,2.647721911,0.799559587,7.085932994,3.447281497,88.07476538,11.92523462,2.00,1.00
Matale,Dambulla,446,0,1201,41725,36365,79291,78090,0,1.510183483,52.4882468,45.74600609,99.74443637,98.23425288,79494,4357,3565,2551,1039,7155,3590,5.480916799,4.484615191,3.209047224,1.307016882,9.000679297,4.516064105,85.5184039,14.4815961,2.00,2.00
Puttalam,Dankotuwa,76,0,0,0,68359,68359,68359,0,0,0,100.5004808,100.5004808,100.5004808,68019,6048,4640,3656,1465,9761,5121,8.89163322,6.82162337,5.374968759,2.153809965,14.35040209,7.528778724,76.75796469,23.24203531,2.00,1.00
Ampara,Dehiattakandiya,347,7350,30820,16727,5629,53177,22357,12.13674014,50.89478217,27.62278408,9.296223147,87.8137894,36.91900723,60556,2757,1694,875,177,2746,1052,4.552810622,2.797410661,1.444943523,0.292291433,4.534645617,1.737234956,90.91254376,9.087456239,1.00,2.00
Kegalle,Dehiowita,194,0,0,0,88589,88589,88589,0,0,0,99.47884657,99.47884657,99.47884657,89053,1830,1458,1941,10288,13687,12229,2.054956037,1.637227269,2.179600912,11.55267088,15.36949906,13.73227179,82.5755449,17.4244551,2.00,1.00
Colombo,Dehiwala,8,0,0,0,88112,88112,88112,0,0,0,100.0097146,100.0097146,100.0097146,88103,10676,1131,50,50,1231,100,12.11763504,1.283724731,0.056751756,0.056751756,1.397228244,0.113503513,86.48513671,13.51486329,1.00,1.00
Jaffna,Delft,46,0,2714,116,0,2830,116,0,93.3174863,3.991418888,0,97.30890519,3.991418888,2908,154,81,26,0,107,26,5.295735901,2.785419532,0.894085282,0,3.679504814,0.894085282,91.02475928,8.975240715,1.00,1.00
Kandy,Deltota,50,0,0,10437,19448,29884,29884,0,0,33.46895811,62.36669892,95.83565703,95.83565703,31183,1368,746,420,379,1545,799,4.38700574,2.392329154,1.346887727,1.21540583,4.954622711,2.562293557,90.65837155,9.341628451,1.00,2.00
Kegalle,Deraniyagala,222,0,0,16157,29359,45516,45516,0,0,35.1274353,63.83233687,98.95977218,98.95977218,45994,1230,835,881,2296,4012,3177,2.67426186,1.81545419,1.915467235,4.991955472,8.722876897,6.907422707,88.60286124,11.39713876,2.00,2.00
Matara,Devinuwara,38,0,0,0,46636,46636,46636,0,0,0,86.3339492,86.3339492,86.3339492,54018,3978,2033,2088,646,4767,2734,7.364211929,3.763560295,3.865378207,1.195897664,8.824836166,5.061275871,83.8109519,16.1890481,2.00,1.00
Matara,Dikwella,51,0,0,0,51062,51062,51062,0,0,0,90.9604037,90.9604037,90.9604037,56136,3247,2488,1585,760,4833,2345,5.784167023,4.432093487,2.823500071,1.353854924,8.609448482,4.177354995,85.60638449,14.39361551,2.00,1.00
Polonnaruwa,Dimbulagala,565,0,43746,46957,12,90715,46969,0,48.14784256,51.68205586,0.01278529,99.84268371,51.69484115,90858,4395,2363,1326,325,4014,1651,4.837218517,2.600761628,1.459420194,0.357701028,4.41788285,1.817121222,90.74489863,9.255101367,1.00,2.00
Gampaha,Divulapitiya,203,0,0,33872,121172,155044,155044,0,0,21.31663773,76.25654353,97.57318126,97.57318126,158900,13093,8945,8707,3193,20845,11900,8.239773442,5.629326621,5.479546885,2.009439899,13.1183134,7.488986784,78.64191315,21.35808685,2.00,2.00
Kalutara,Dodangoda,110,0,0,5008,72549,77557,77557,0,0,6.421554411,93.03570021,99.45725462,99.45725462,77980,4977,3623,3593,2993,10209,6586,6.382405745,4.646063093,4.60759169,3.838163632,13.09181841,8.445755322,80.52577584,19.47422416,2.00,1.00
Kandy,Doluwa,93,0,0,9611,47631,57242,57242,0,0,16.8388664,83.45112994,100.2899963,100.2899963,57076,2705,1798,1325,5040,8163,6365,4.739294975,3.150185717,2.321466115,8.830331488,14.30198332,11.1517976,80.9587217,19.0412783,2.00,1.00
Gampaha,Dompe,179,0,0,3678,171696,175374,175374,0,0,2.092533632,97.67976779,99.77230143,99.77230143,175774,9380,6808,9021,20081,35910,29102,5.336397875,3.873155302,5.13215834,11.42432897,20.42964261,16.55648731,74.23395952,25.76604048,2.00,1.00
Ratnapura,Eheliyagoda,140,0,0,0,75520,75520,75520,0,0,0,97.30969886,97.30969886,97.30969886,77608,4183,4064,5434,2776,12274,8210,5.389908257,5.236573549,7.001855479,3.57695083,15.81537986,10.57880631,78.79471189,21.20528811,2.00,1.00
Kurunegala,Ehetuwewa,169,0,61,14020,13558,27639,27578,0,0.21861646,50.34984996,48.68882666,99.25729308,99.03867662,27846,1302,873,307,42,1222,349,4.67571644,3.135100194,1.102492279,0.150829563,4.388422035,1.253321842,90.93586152,9.064138476,1.00,2.00
Polonnaruwa,Elahera,366,0,39886,3980,0,43866,3980,0,91.1834795,9.098564977,0,100.2820445,9.098564977,43743,1941,1361,966,278,2605,1244,4.437281394,3.11135496,2.208353337,0.635530256,5.955238552,2.843883593,89.60748005,10.39251995,2.00,1.00
Ratnapura,Elapatha,86,0,0,11397,30402,41798,41798,0,0,28.17305124,75.15465831,103.3277096,103.3277096,40452,948,882,1811,1651,4344,3462,2.343518244,2.18036191,4.476910907,4.081380401,10.73865322,8.558291308,86.91782854,13.08217146,2.00,2.00
Badulla,Ella,110,0,41024,6807,0,47831,6807,0,84.37248567,13.99857358,0,98.37105924,13.99857358,48623,1738,1011,624,1125,2760,1749,3.57444008,2.0792629,1.283343274,2.313719845,5.676326019,3.597063118,90.7492339,9.250766098,2.00,1.00
Galle,Elpitiya,151,0,0,69068,3,69071,69071,0,0,98.98959885,0.004451778,98.99405062,98.99405062,69773,3960,3648,3838,1795,9281,5633,5.675547848,5.228383472,5.500695111,2.572628381,13.30170696,8.073323492,81.02274519,18.97725481,2.00,2.00
Ratnapura,Embilipitiya,378,0,238,59580,88095,147913,147675,0,0.160480589,40.1942176,59.43064269,99.78534088,99.6248603,148231,8166,6807,4889,3213,14909,8102,5.508969109,4.592156836,3.298230465,2.167562791,10.05795009,5.465793255,84.4330808,15.5669192,2.00,2.00
Batticaloa,Eravur Pattu,587,3405,65572,9854,0,75426,9854,3.929235136,75.67443951,11.3724642,0,87.04690371,11.3724642,86650,7837,7978,2086,576,10640,2662,9.044431621,9.207155222,2.407386036,0.66474322,12.27928448,3.072129256,78.6762839,21.3237161,2.00,1.00
Batticaloa,Eravur Town,2,0,5752,0,0,5752,0,0,74.50387323,0,0,74.50387323,0,7721,162,239,48,0,287,48,2.098173812,3.095453957,0.621681129,0,3.717135086,0.621681129,94.1846911,5.815308898,1.00,1.00
Anuradhapura,Galenbidunuwewa,285,0,28760,21668,89,50517,21757,0,56.88403271,42.85692006,0.176173786,99.91712656,43.03309384,50559,2604,1562,365,16,1943,381,5.150418323,3.089459839,0.721928836,0.031646196,3.84303487,0.753575031,91.00654681,8.993453193,1.00,2.00
Matale,Galewela,194,0,202,74736,634,75572,75370,0,0.265216076,98.31461513,0.834579139,99.41441035,99.14919427,76017,5594,3980,1732,245,5957,1977,7.35888025,5.235670968,2.278437718,0.322296328,7.836405015,2.600734046,84.80471473,15.19528527,2.00,2.00
Kurunegala,Galgamuwa,265,0,0,72,60760,60831,60831,0,0,0.116312139,98.4071394,98.52345154,98.52345154,61743,3321,2256,1052,76,3384,1128,5.378747388,3.653855498,1.703836872,0.123090877,5.480783247,1.826927749,89.14046936,10.85953064,2.00,1.00
Kegalle,Galigamuwa,125,0,1242,74560,2262,78064,76822,0,1.563029101,93.8536363,2.847625147,98.26429055,96.70126145,79443,2838,2382,2321,2502,7205,4823,3.572372645,2.998376194,2.921591581,3.149427892,9.069395667,6.071019473,87.35823169,12.64176831,2.00,2.00
Galle,Galle4Gravets,22,0,0,18244,63621,81865,81865,0,0,18.5344836,64.63219143,83.16667503,83.16667503,98435,12688,6163,1983,303,8449,2286,12.88972418,6.260984406,2.014527353,0.307817341,8.5833291,2.322344694,78.52694672,21.47305328,2.00,1.00
Anuradhapura,Galnewa,138,0,1343,29188,5817,36347,35005,0,3.601598306,78.28943461,15.60212573,97.49315865,93.89156034,37282,2180,1367,440,12,1819,452,5.847325787,3.666648785,1.180194196,0.032187114,4.879030095,1.21238131,89.27364412,10.72635588,1.00,2.00
Gampaha,Gampaha,92,0,0,0,214399,214399,214399,0,0,0,95.08633254,95.08633254,95.08633254,225478,21071,17318,16459,4526,38303,20985,9.345035879,7.68057194,7.299603509,2.007291177,16.98746663,9.306894686,73.66749749,26.33250251,2.00,1.00
Kurunegala,Ganewatta,150,0,2005,41414,0,43419,41414,0,4.553939176,94.05685451,0,98.61079368,94.05685451,44031,2466,1638,1045,256,2939,1301,5.600599578,3.720106289,2.373327883,0.581408553,6.674842724,2.954736436,87.7245577,12.2754423,2.00,2.00
Kandy,Ganga Ihala Korale,96,0,0,7,62032,62039,62039,0,0,0.010298973,96.00844614,96.01874511,96.01874511,64611,1247,1306,1693,4669,7668,6362,1.930011917,2.021327638,2.620296853,7.226323691,11.86794818,9.846620544,86.2020399,13.7979601,2.00,1.00
Kandy,Gangawata Korale,59,0,0,158335,892,159227,159227,0,0,95.98551021,0.540786192,96.5262964,96.5262964,164957,5852,6623,4207,9443,20273,13650,3.54759119,4.014985724,2.550361609,5.724522148,12.28986948,8.274883758,84.16253933,15.83746067,2.00,2.00
Kurunegala,Giribawa,199,0,0,15165,18329,33494,33494,0,0,46.05949075,55.67154459,101.7310353,101.7310353,32924,1738,1199,576,77,1852,653,5.278823958,3.641720326,1.749483659,0.233871948,5.625075932,1.983355607,89.09610011,10.90389989,2.00,2.00
Ratnapura,Godakawela,152,0,51846,29176,0,81022,29176,0,62.93474168,35.41597586,0,98.35071754,35.41597586,82381,3752,2980,2920,3220,9120,6140,4.554448234,3.61733895,3.544506622,3.908668261,11.07051383,7.453174883,84.37503793,15.62496207,2.00,2.00
Trincomalee,Gomarankadawala,307,0,5182,191,0,5373,191,0,94.84431273,3.487529308,0,98.33184204,3.487529308,5464,359,209,74,4,287,78,6.570278184,3.825036603,1.35431918,0.073206442,5.252562225,1.427525622,88.17715959,11.82284041,2.00,1.00
Galle,Gonapinuwala,25,0,0,23158,0,23158,23158,0,0,93.98491284,0,93.98491284,93.98491284,24640,2441,2087,1962,133,4182,2095,9.906655844,8.469967532,7.962662338,0.539772727,16.9724026,8.502435065,73.12094156,26.87905844,2.00,2.00
Galle,Habaraduwa,45,0,0,12554,45776,58329,58329,0,0,19.25498986,70.20998962,89.46497947,89.46497947,65198,4326,2850,2997,820,6667,3817,6.635172858,4.371299733,4.596766772,1.257707292,10.2257738,5.854474064,83.13905335,16.86094665,2.00,1.00
Matara,Hakmana,49,0,0,0,31910,31910,31910,0,0,0,97.06478326,97.06478326,97.06478326,32875,2367,0,899,368,1267,1267,7.2,0,2.73460076,1.119391635,3.853992395,3.853992395,88.9460076,11.0539924,1.00,1.00
Badulla,Haldummulla,415,0,461,17259,17337,35057,34596,0,1.333741407,49.91715258,50.14307781,101.3939718,100.0602304,34575,1017,0,370,162,532,532,2.94143167,0,1.070137383,0.468546638,1.53868402,1.53868402,95.51988431,4.480115691,1.00,2.00
Badulla,Hali-Ela,170,0,16760,83076,244,100080,83320,0,17.37430161,86.12013193,0.253415387,103.7478489,86.37354732,96465,2963,0,1190,1754,2944,2944,3.071580366,0,1.233608044,1.818276059,3.051884103,3.051884103,93.87653553,6.123464469,1.00,2.00
Hambantota,Hambantota,322,0,0,10572,54576,65148,65148,0,0,16.1176563,83.20638486,99.32404116,99.32404116,65591,3056,0,1883,2374,4257,4257,4.659175802,0,2.870820692,3.619399003,6.490219695,6.490219695,88.8506045,11.1493955,2.00,1.00
Nuwara Eliya,Hanguranketa,224,0,1811,80087,7511,89410,87598,0,2.015871519,89.12472911,8.358483902,99.49908453,97.48321301,89860,4478,0,1749,1182,2931,2931,4.983307367,0,1.946361006,1.315379479,3.261740485,3.261740485,91.75495215,8.245047852,1.00,2.00
Badulla,Haputale,69,0,0,30831,16319,47150,47150,0,0,61.39445261,32.49575436,93.89020697,93.89020697,50218,1142,0,426,453,879,879,2.274084989,0,0.848301406,0.902066988,1.750368394,1.750368394,95.97554662,4.024453383,1.00,2.00
Kandy,Harispattuwa,50,0,0,91245,4616,95861,95861,0,0,92.51655104,4.680351047,97.19690209,97.19690209,98626,4107,0,1568,2995,4563,4563,4.164216332,0,1.589844463,3.036724596,4.626569059,4.626569059,91.20921461,8.790785391,1.00,2.00
Kandy,Hatharaliyadda,64,0,0,0,32576,32576,32576,0,0,0,103.7225671,103.7225671,103.7225671,31407,1104,0,421,823,1244,1244,3.515139937,0,1.340465501,2.620434935,3.960900436,3.960900436,92.52395963,7.476040373,1.00,1.00
Polonnaruwa,Higurakgoda,686,0,14170,44966,3364,62499,48330,0,22.89698983,72.66170909,5.435426863,100.9941258,78.09713596,61884,5300,0,1240,96,1336,1336,8.564410833,0,2.00374895,0.155128951,2.158877901,2.158877901,89.27671127,10.72328873,1.00,2.00
Galle,Hikkaduwa,61,0,0,74146,21321,95467,95467,0,0,71.67088495,20.60945148,92.28033643,92.28033643,103453,7871,0,3411,402,3813,3813,7.608285888,0,3.29714943,0.388582255,3.685731685,3.685731685,88.70598243,11.29401757,1.00,2.00
Colombo,Homagama,120,0,0,0,286255,286255,286255,0,0,0,97.2252816,97.2252816,97.2252816,294424,23309,0,15608,13065,28673,28673,7.916813847,0,5.301198272,4.437477923,9.738676195,9.738676195,82.34450996,17.65549004,2.00,1.00
Kalutara,Horana,111,0,0,0,132391,132391,132391,0,0,0,97.83933205,97.83933205,97.83933205,135315,11063,0,7156,3453,10609,10609,8.175738093,0,5.288401138,2.551823523,7.840224661,7.840224661,83.98403725,16.01596275,2.00,1.00
Anuradhapura,Horowpathana,826,14089,21337,110,0,21446,110,40.59078234,61.47305659,0.316087471,0,61.78914406,0.316087471,34709,1715,0,635,121,756,756,4.941081564,0,1.829496672,0.348612752,2.178109424,2.178109424,92.88080901,7.119190988,1.00,1.00
Kurunegala,Ibbagamuwa,214,0,4361,81553,6882,92796,88435,0,4.665774029,87.25642859,7.363130703,99.28533332,94.61955929,93464,6107,0,3179,1038,4217,4217,6.534066592,0,3.401309595,1.110588034,4.511897629,4.511897629,88.95403578,11.04596422,1.00,2.00
Galle,Imaduwa,58,0,0,4779,42104,46883,46883,0,0,9.680394178,85.28063861,94.96103279,94.96103279,49371,4260,0,2081,935,3016,3016,8.628547123,0,4.215025015,1.89382431,6.108849325,6.108849325,85.26260355,14.73739645,2.00,1.00
Ratnapura,Imbulpe,259,21722,35476,6383,20,41880,6404,34.58492604,56.48328945,10.16341936,0.032577975,66.67928679,10.19599734,62808,2089,0,1555,1349,2904,2904,3.326009426,0,2.475799261,2.147815565,4.623614826,4.623614826,92.05037575,7.949624252,1.00,1.00
Kalutara,Ingiriya,95,0,0,0,59425,59425,59425,0,0,0,96.7758206,96.7758206,96.7758206,61405,2694,0,3329,3607,6936,6936,4.387264881,0,5.421382624,5.874114486,11.29549711,11.29549711,84.31723801,15.68276199,2.00,1.00
Anuradhapura,Ipalogama,141,0,765,43569,0,44335,43569,0,1.714965467,97.6434643,0,99.35842977,97.6434643,44621,2537,0,938,239,1177,1177,5.685663701,0,2.102149212,0.535622241,2.637771453,2.637771453,91.67656485,8.323435154,1.00,2.00
Ampara,Irakkamam,63,137,14657,0,0,14657,0,0.943347497,100.5737057,0,0,100.5737057,0,14573,1563,0,649,34,683,683,10.72531394,0,4.453441296,0.233308173,4.686749468,4.686749468,84.5879366,15.4120634,1.00,1.00
Jaffna,Islands North (Kayts),32,0,9768,0,0,9768,0,0,81.83101971,0,0,81.83101971,0,11937,887,0,132,10,142,142,7.430677725,0,1.105805479,0.083773142,1.189578621,1.189578621,91.37974365,8.620256346,1.00,1.00
Jaffna,Islands South (Velanai),85,0,13051,3306,0,16356,3306,0,65.01235213,16.46796003,0,81.48031217,16.46796003,20074,1212,0,136,18,154,154,6.037660656,0,0.677493275,0.089668228,0.767161502,0.767161502,93.19517784,6.804822158,1.00,1.00
Gampaha,Ja Ela,62,0,0,0,197651,197651,197651,0,0,0,90.20026332,90.20026332,90.20026332,219125,34379,0,6886,1639,8525,8525,15.68921848,0,3.142498574,0.7479749,3.890473474,3.890473474,80.42030804,19.57969196,1.00,1.00
Jaffna,Jaffna,11,0,0,37171,2436,39607,39607,0,0,69.59118441,4.561213573,74.15239799,74.15239799,53413,8419,0,255,22,277,277,15.76208039,0,0.477411866,0.041188475,0.518600341,0.518600341,83.71931927,16.28068073,1.00,2.00
Matara,Kaburupitiya,57,0,0,13570,29165,42735,42735,0,0,30.50898479,65.56791535,96.07690013,96.07690013,44480,2893,0,2728,1676,4404,4404,6.504046763,0,6.133093525,3.767985612,9.901079137,9.901079137,83.5948741,16.4051259,2.00,2.00
Colombo,Kaduwela,86,0,0,0,296037,296037,296037,0,0,0,100.173606,100.173606,100.173606,295524,21030,0,30102,77705,107807,107807,7.116173306,0,10.18597474,26.29397274,36.47994748,36.47994748,56.40387921,43.59612079,2.00,1.00
Anuradhapura,Kahatagasdigiliya,369,6927,27997,10417,0,38415,10417,15.5682798,62.92081378,23.41180224,0,86.33261602,23.41180224,44496,2260,0,393,22,415,415,5.079108234,0,0.883225458,0.049442647,0.932668105,0.932668105,93.98822366,6.011776339,1.00,2.00
Ratnapura,Kahawattha,104,0,2747,41899,0,44646,41899,0,6.052901402,92.31647324,0,98.36937464,92.31647324,45386,1427,0,1246,1373,2619,2619,3.144141365,0,2.745339973,3.025161944,5.770501917,5.770501917,91.08535672,8.914643282,2.00,2.00
Ratnapura,Kalawana,382,0,5767,31218,13969,50955,45188,0,11.50386855,62.27353697,27.86551266,101.6429182,90.13904964,50131,1305,0,1310,1041,2351,2351,2.603179669,0,2.613153538,2.076559414,4.689712952,4.689712952,92.70710738,7.292892621,1.00,2.00
Ampara,Kalmunai,21,0,0,69199,0,69199,69199,0,0,95.66553833,0,95.66553833,95.66553833,72334,2735,0,1533,0,1533,1533,3.781071142,0,2.119335306,0,2.119335306,2.119335306,94.09959355,5.900406448,1.00,2.00
Puttalam,Kalpitiya,144,0,0,20115,55258,75373,75373,0,0,22.81455124,62.6749,85.48945124,85.48945124,88166,7896,0,2128,477,2605,2605,8.955833314,0,2.413628837,0.541024885,2.954653721,2.954653721,88.08951296,11.91048704,1.00,2.00
Kalutara,Kalutara,73,0,0,0,164846,164846,164846,0,0,0,96.59071801,96.59071801,96.59071801,170664,16745,0,7008,1496,8504,8504,9.811676745,0,4.106314161,0.876576197,4.982890358,4.982890358,85.2054329,14.7945671,1.00,1.00
Kilinochchi,Kandavalai,264,0,2372,7841,210,10423,8052,0,20.85006641,68.93547296,1.846964339,91.63250371,70.7824373,11375,803,0,67,6,73,73,7.059340659,0,0.589010989,0.052747253,0.641758242,0.641758242,92.2989011,7.701098901,1.00,2.00
Badulla,Kandeketiya,150,2451,10990,9217,49,20256,9266,10.69119549,47.93917719,40.20861644,0.212859658,88.36065328,40.42147609,22924,759,0,552,313,865,865,3.310940499,0,2.407956727,1.36538126,3.773337986,3.773337986,92.91572151,7.084278485,1.00,2.00
Trincomalee,Kantale,398,0,46931,0,0,46931,0,0,99.65200511,0,0,99.65200511,0,47095,4350,0,839,430,1269,1269,9.236649326,0,1.781505468,0.913048094,2.694553562,2.694553562,88.06879711,11.93120289,1.00,1.00
Kilinochchi,Karachchi,391,0,23890,11594,0,35483,11594,0,67.17899106,32.60256922,0,99.78156028,32.60256922,35561,2470,0,580,65,645,645,6.945811423,0,1.631000253,0.182784511,1.813784764,1.813784764,91.24040381,8.759596187,1.00,2.00
Jaffna,Karainagar,23,0,10998,0,0,10998,0,0,91.42687886,0,0,91.42687886,0,12029,826,0,197,16,213,213,6.866738715,0,1.63770887,0.133011888,1.770720758,1.770720758,91.36254053,8.637459473,1.00,1.00
Ampara,Karaitivu,10,0,0,19705,0,19705,19705,0,0,114.0008055,0,114.0008055,114.0008055,17285,2475,0,1238,0,1238,1238,14.3187735,0,7.162279433,0,7.162279433,7.162279433,78.51894706,21.48105294,2.00,2.00
Galle,Karandeniya,88,0,0,26180,45956,72136,72136,0,0,38.03221016,66.76045722,104.7926674,104.7926674,68837,6685,0,3416,979,4395,4395,9.711347095,0,4.962447521,1.42220027,6.384647791,6.384647791,83.90400511,16.09599489,2.00,2.00
Puttalam,Karuwalagaswewa,497,0,0,12549,7240,19789,19789,0,0,62.98439562,36.33773461,99.32213022,99.32213022,19924,933,0,251,24,275,275,4.68279462,0,1.259787191,0.120457739,1.380244931,1.380244931,93.93696045,6.06303955,1.00,2.00
Gampaha,Katana,106,0,0,41444,203939,245382,245382,0,0,16.74864629,82.41778088,99.16642717,99.16642717,247445,34786,0,12103,5807,17910,17910,14.05807351,0,4.891187941,2.346784134,7.237972075,7.237972075,78.70395441,21.29604559,2.00,1.00
Monaragala,Katharagama,608,0,366,17181,0,17546,17181,0,2.068373437,97.18072794,0,99.24910137,97.18072794,17679,1402,0,1486,304,1790,1790,7.9303128,0,8.405452797,1.719554273,10.12500707,10.12500707,81.94468013,18.05531987,2.00,2.00
Batticaloa,Kattankudy,4,0,0,19249,0,19249,19249,0,0,49.01837551,0,49.01837551,49.01837551,39269,7255,0,0,0,0,0,18.47513306,0,0,0,0,0,81.52486694,18.47513306,1.00,2.00
Hambantota,Katuwana,105,0,0,42476,6095,48570,48570,0,0,83.50189699,11.98125742,95.48315442,95.48315442,50868,2286,0,1423,1096,2519,2519,4.49398443,0,2.797436502,2.15459621,4.952032712,4.952032712,90.55398286,9.446017142,1.00,2.00
Anuradhapura,Kebithigollewa,613,13244,5192,0,0,5192,0,71.05395239,27.85528255,0,0,27.85528255,0,18639,1012,0,166,13,179,179,5.42947583,0,0.890605719,0.069746231,0.96035195,0.96035195,93.61017222,6.38982778,1.00,1.00
Kegalle,Kegalle,106,0,3360,73962,14078,91400,88040,0,3.563724463,78.44627812,14.93129893,96.94130151,93.37757705,94284,3829,0,2207,3417,5624,5624,4.061134445,0,2.340800136,3.624156803,5.964956939,5.964956939,89.97390862,10.02609138,2.00,2.00
Anuradhapura,Kekirawa,333,0,1159,56838,7161,65159,64000,0,1.789939579,87.74314344,11.05515834,100.5882414,98.79830178,64778,4149,0,854,113,967,967,6.404952299,0,1.318348822,0.17444194,1.492790762,1.492790762,92.10225694,7.897743061,1.00,2.00
Gampaha,Kelaniya,22,0,0,0,161022,161022,161022,0,0,0,108.3211165,108.3211165,108.3211165,148652,22482,0,50986,2900,53886,53886,15.12391357,0,34.29889944,1.950865108,36.24976455,36.24976455,48.62632188,51.37367812,2.00,1.00
Colombo,Kesbewa,59,0,0,0,282091,282091,282091,0,0,0,100.053715,100.053715,100.053715,281940,55028,0,14276,451,14727,14727,19.51762786,0,5.063488686,0.159963113,5.223451798,5.223451798,75.25892034,24.74107966,2.00,1.00
Trincomalee,Kinniya,149,0,50078,5801,0,55879,5801,0,77.17603313,8.940454901,0,86.11648803,8.940454901,64888,2721,0,2721,602,3323,3323,4.193379361,0,4.193379361,0.927752435,5.121131796,5.121131796,90.68548884,9.314511158,2.00,1.00
Ratnapura,Kiriella,79,0,0,0,33842,33842,33842,0,0,0,96.23502507,96.23502507,96.23502507,35166,1007,0,1006,1450,2456,2456,2.863561395,0,2.860717739,4.123300916,6.984018654,6.984018654,90.15241995,9.847580049,2.00,1.00
Matara,Kirinda Puhulwella,42,0,0,0,20303,20303,20303,0,0,0,95.97508329,95.97508329,95.97508329,21154,1214,0,783,442,1225,1225,5.738867354,0,3.701427626,2.08943935,5.790866976,5.790866976,88.47026567,11.52973433,2.00,1.00
Kurunegala,Kobeigane,130,0,0,0,38566,38566,38566,0,0,0,97.22742605,97.22742605,97.22742605,39666,2643,0,911,205,1116,1116,6.663137196,0,2.296677255,0.516815409,2.813492664,2.813492664,90.52337014,9.476629859,1.00,1.00
Ratnapura,Kolonna,178,0,27770,18714,0,46484,18714,0,58.60217326,39.49208423,0,98.09425749,39.49208423,47387,1387,0,774,509,1283,1283,2.926963091,0,1.63335936,1.074134256,2.707493616,2.707493616,94.36554329,5.634456708,1.00,2.00
Colombo,Kolonnawa,26,0,0,0,225564,225564,225564,0,0,0,96.38245111,96.38245111,96.38245111,234030,6511,0,58980,116707,175687,175687,2.78212195,0,25.20189719,49.86839294,75.07029013,75.07029013,22.14758792,77.85241208,2.00,1.00
Batticaloa,Koralai Pattu,30,0,0,26730,0,26730,26730,0,0,120.0483307,0,120.0483307,120.0483307,22266,1686,0,269,92,361,361,7.572082996,0,1.208120004,0.413186024,1.621306027,1.621306027,90.80661098,9.193389024,1.00,2.00
Batticaloa,Koralai Pattu Central,8,0,4,17498,0,17502,17498,0,0.014803717,67.06577055,0,67.08057427,67.06577055,26091,3273,0,373,174,547,547,12.54455559,0,1.429611744,0.666896631,2.096508375,2.096508375,85.35893603,14.64106397,1.00,2.00
Batticaloa,Koralai Pattu North,509,606,14769,2564,0,17333,2564,3.266849237,79.61901248,13.82349713,0,93.44250962,13.82349713,18549,1255,0,536,37,573,573,6.765863389,0,2.889643647,0.19947167,3.089115316,3.089115316,90.14502129,9.854978705,1.00,1.00
Batticaloa,Koralai Pattu South,593,1196,5260,18584,0,23844,18584,4.384249588,19.28354106,68.12965092,0,87.41319198,68.12965092,27277,2961,0,951,422,1373,1373,10.85529934,0,3.486453789,1.547090956,5.033544745,5.033544745,84.11115592,15.88884408,1.00,2.00
Batticaloa,Koralai Pattu West,23,0,127,12438,0,12565,12438,0,0.572557855,56.03009806,0,56.60265592,56.03009806,22198,5331,0,513,128,641,641,24.01567709,0,2.311019011,0.576628525,2.887647536,2.887647536,73.09667538,26.90332462,1.00,2.00
Matara,Kotapola,179,0,2016,60122,0,62138,60122,0,3.216481674,95.92144584,0,99.13792752,95.92144584,62678,1883,0,2488,3072,5560,5560,3.004243913,0,3.969494879,4.901241265,8.870736143,8.870736143,88.12501994,11.87498006,2.00,2.00
Kurunegala,Kotawehera,186,0,0,0,23620,23620,23620,0,0,0,100.6101218,100.6101218,100.6101218,23477,1029,0,195,6,201,201,4.383013162,0,0.830600162,0.025556928,0.85615709,0.85615709,94.76082975,5.239170252,1.00,1.00
Nuwara Eliya,Kothmale,225,0,503,82094,22133,104731,104228,0,0.472365959,77.12945849,20.79489531,98.39671976,97.9243538,106437,5572,0,1682,1707,3389,3389,5.235021656,0,1.580277535,1.603765608,3.184043143,3.184043143,91.5809352,8.419064799,1.00,2.00
Trincomalee,Kuchchaweli,405,16,24911,3691,0,28602,3691,0.047728986,72.40980201,10.72761429,0,83.1374163,10.72761429,34403,2128,0,1051,142,1193,1193,6.185507078,0,3.054966137,0.412754702,3.467720838,3.467720838,90.34677208,9.653227916,1.00,1.00
Kurunegala,Kuliyapitiya East,114,0,0,0,59631,59631,59631,0,0,0,97.90326881,97.90326881,97.90326881,60908,3871,0,1479,325,1804,1804,6.355486964,0,2.428252446,0.533591646,2.961844093,2.961844093,90.68266894,9.317331057,1.00,1.00
Kurunegala,Kuliyapitiya West,165,0,0,0,81804,81804,81804,0,0,0,97.91781922,97.91781922,97.91781922,83544,5220,0,3362,1049,4411,4411,6.248204539,0,4.024226755,1.255625778,5.279852533,5.279852533,88.47194293,11.52805707,2.00,1.00
Kandy,Kundasale,81,0,0,96214,46052,142265,142265,0,0,64.18570629,30.72180436,94.90751065,94.90751065,149899,6777,0,4628,9097,13725,13725,4.52104417,0,3.087412191,6.06875296,9.156165151,9.156165151,86.32279068,13.67720932,2.00,2.00
Kurunegala,Kurunegala,98,0,0,23178,54131,77308,77308,0,0,29.01706278,67.76857612,96.7856389,96.7856389,79876,6154,0,5224,1522,6746,6746,7.704441885,0,6.540137213,1.905453453,8.445590666,8.445590666,83.84996745,16.15003255,2.00,2.00
Ratnapura,Kuruvita,168,0,0,13812,84300,98111,98111,0,0,13.63952768,83.24920341,96.88873109,96.88873109,101262,5241,0,5441,4548,9989,9989,5.175682882,0,5.373190338,4.491319547,9.864509885,9.864509885,84.95980723,15.04019277,2.00,1.00
Matale,Laggala,370,9,7387,876,5,8268,881,0.113830858,94.04088979,11.15322035,0.061224371,105.2553345,11.21444472,7855,261,0,130,71,201,201,3.322724379,0,1.654996817,0.903882877,2.558879694,2.558879694,94.11839593,5.881604074,1.00,1.00
Ampara,Lahugala,808,0,3,2963,3276,6243,6240,0,0.058242083,50.90768074,56.28457959,107.2505024,107.1922603,5821,510,0,313,35,348,348,8.761381206,0,5.377082975,0.601271259,5.978354235,5.978354235,85.26026456,14.73973544,2.00,2.00
Polonnaruwa,Lankapura,197,0,27081,7921,1,35003,7922,0,75.37395863,22.0458693,0.002838655,97.42266659,22.04870795,35929,2542,0,1201,172,1373,1373,7.075064711,0,3.342703666,0.478721924,3.821425589,3.821425589,89.1035097,10.8964903,1.00,2.00
Badulla,Lunugala,143,0,25213,5537,0,30750,5537,0,82.00179239,18.00827958,0,100.010072,18.00827958,30747,847,0,489,348,837,837,2.7547403,0,1.590399063,1.131817738,2.722216802,2.722216802,94.5230429,5.476957102,1.00,1.00
Hambantota,Lunugamwehera,279,0,0,30902,1685,32587,32587,0,0,92.29565393,5.03393282,97.32958675,97.32958675,33481,1837,0,530,41,571,571,5.486693946,0,1.582987366,0.122457513,1.705444879,1.705444879,92.80786117,7.192138825,1.00,2.00
Puttalam,Madampe,92,0,0,0,53047,53047,53047,0,0,0,102.7703043,102.7703043,102.7703043,51617,5681,0,2508,486,2994,2994,11.00606389,0,4.858864328,0.941550264,5.800414592,5.800414592,83.19352151,16.80647849,2.00,1.00
Mannar,Madhu,565,90,2211,4230,0,6441,4230,1.379356478,34.03618916,65.11055373,0,99.14674289,65.11055373,6496,716,0,70,19,89,89,11.02216749,0,1.077586207,0.292487685,1.370073892,1.370073892,87.60775862,12.39224138,1.00,2.00
Monaragala,Madulla,702,6504,19851,2026,0,21877,2026,23.50006023,71.72536908,7.319776026,0,79.04514511,7.319776026,27677,1092,0,545,159,704,704,3.945514326,0,1.969144055,0.574484229,2.543628283,2.543628283,93.51085739,6.489142609,1.00,1.00
Kalutara,Madurawala,62,0,0,623,38854,39477,39477,0,0,1.545736431,96.45231707,97.9980535,97.9980535,40283,1352,0,2545,5100,7645,7645,3.356254499,0,6.317801554,12.66042748,18.97822903,18.97822903,77.66551647,22.33448353,2.00,1.00
Puttalam,Mahakumbukkadawala,184,0,0,3938,16996,20934,20934,0,0,18.38170945,79.32357361,97.70528305,97.70528305,21426,972,0,218,14,232,232,4.536544385,0,1.017455428,0.065341174,1.082796602,1.082796602,94.38065901,5.619340988,1.00,1.00
Ampara,Mahaoya,669,276,18294,799,0,19093,799,1.444977323,95.91489697,4.190789453,0,100.1056864,4.190789453,19073,787,0,456,86,542,542,4.12625177,0,2.39081424,0.450899177,2.841713417,2.841713417,93.03203481,6.967965186,1.00,1.00
Gampaha,Mahara,96,0,0,0,238711,238711,238711,0,0,0,94.09261261,94.09261261,94.09261261,253698,22695,0,22480,16084,38564,38564,8.945675567,0,8.860929136,6.339821362,15.2007505,15.2007505,75.85357393,24.14642607,2.00,1.00
Colombo,Maharagama,38,0,0,0,202304,202304,202304,0,0,0,90.72560469,90.72560469,90.72560469,222984,38772,0,14025,6808,20833,20833,17.38779464,0,6.289688946,3.053133857,9.342822803,9.342822803,73.26938256,26.73061744,2.00,1.00
Puttalam,Mahawewa,73,0,0,36,47545,47581,47581,0,0,0.068281778,89.22873011,89.29701189,89.29701189,53284,3707,0,2526,347,2873,2873,6.957060281,0,4.740635087,0.651227385,5.391862473,5.391862473,87.65107725,12.34892275,2.00,1.00
Anuradhapura,Mahawilachchiya,611,0,2372,17998,575,20946,18574,0,11.58500778,87.90420076,2.810672712,102.2998813,90.71487348,20475,874,0,175,25,200,200,4.268620269,0,0.854700855,0.122100122,0.976800977,0.976800977,94.75457875,5.245421245,1.00,2.00
Badulla,Mahiyanganaya,570,3769,27972,46888,1650,76511,48538,4.635364201,34.40030913,57.6631499,2.029467576,94.0929266,59.69261747,81314,4029,0,3390,3987,7377,7377,4.954866321,0,4.169023784,4.903214699,9.072238483,9.072238483,85.9728952,14.0271048,2.00,2.00
Kurunegala,Maho,261,0,0,56452,6920,63372,63372,0,0,89.52265757,10.97374459,100.4964022,100.4964022,63059,3393,0,943,220,1163,1163,5.380675241,0,1.49542492,0.348879621,1.84430454,1.84430454,92.77502022,7.224979781,1.00,2.00
Matara,Malimbada,43,0,0,5844,30452,36296,36296,0,0,16.15536229,84.1785892,100.3339515,100.3339515,36175,2360,0,1799,642,2441,2441,6.523842433,0,4.973047685,1.774706289,6.747753974,6.747753974,86.72840359,13.27159641,2.00,1.00
Kurunegala,Mallawapitiya,79,0,0,14295,43536,57832,57832,0,0,23.88190138,72.73279669,96.61469808,96.61469808,59858,5130,0,2889,223,3112,3112,8.570283003,0,4.826422533,0.372548364,5.198970898,5.198970898,86.2307461,13.7692539,2.00,2.00
Batticaloa,Manmunai North,45,0,43265,31488,0,74753,31488,0,49.33587414,35.90671216,0,85.2425863,35.90671216,87694,8325,0,920,24,944,944,9.49323785,0,1.049102561,0.027367893,1.076470454,1.076470454,89.4302917,10.5697083,1.00,2.00
Batticaloa,Manmunai Pattu,25,0,0,34297,0,34297,34297,0,0,105.7353743,0,105.7353743,105.7353743,32437,3190,0,1269,43,1312,1312,9.834448315,0,3.912199032,0.132564664,4.044763696,4.044763696,86.12078799,13.87921201,1.00,2.00
Batticaloa,Manmunai South & Eruvil Pattu,41,0,0,46631,0,46631,46631,0,0,78.55583491,0,78.55583491,78.55583491,59360,5627,0,828,51,879,879,9.479447439,0,1.394878706,0.085916442,1.480795148,1.480795148,89.03975741,10.96024259,1.00,2.00
Batticaloa,Manmunai South West,141,919,1768,20593,0,22361,20593,3.722470559,7.157038386,83.3879196,0,90.54495798,83.3879196,24696,2104,0,1797,2,1799,1799,8.519598316,0,7.276482021,0.008098477,7.284580499,7.284580499,84.19582119,15.80417881,2.00,2.00
Batticaloa,Manmunai West,271,5553,18233,1903,0,20135,1903,19.71501728,64.73054535,6.754502902,0,71.48504825,6.754502902,28167,1669,0,676,39,715,715,5.925373664,0,2.399971598,0.1384599,2.538431498,2.538431498,91.53619484,8.463805162,1.00,1.00
Mannar,Mannar Town,203,0,5357,41636,0,46993,41636,0,10.96238452,85.20834353,0,96.17072805,85.20834353,48864,6009,0,1606,14,1620,1620,12.29739686,0,3.286673215,0.02865095,3.315324165,3.315324165,84.38727898,15.61272102,1.00,2.00
Mullaitivu,Manthai East,481,0,1127,0,0,1127,0,0,100.0975106,0.014506173,0,100.1120168,0.014506173,1126,35,0,5,1,6,6,3.108348135,0,0.444049734,0.088809947,0.53285968,0.53285968,96.35879218,3.641207815,1.00,1.00
Mannar,Manthai West,606,0,4214,1916,0,6129,1916,0,70.9238774,32.24552701,0,103.1694044,32.24552701,5941,352,0,48,1,49,49,5.924928463,0,0.80794479,0.016832183,0.824776974,0.824776974,93.25029456,6.749705437,1.00,2.00
Mullaitivu,Maritimepattu,553,70,1049,12928,3880,17857,16808,0.384765697,5.785840906,71.30931059,21.40352309,98.49867459,92.71283368,18129,1009,0,449,126,575,575,5.565668266,0,2.476694798,0.69501903,3.171713829,3.171713829,91.26261791,8.737382095,1.00,2.00
Kurunegala,Maspotha,66,0,0,7157,42517,49674,49674,0,0,13.22744094,78.57453247,91.80197341,91.80197341,54110,5034,0,2239,639,2878,2878,9.303271114,0,4.137867307,1.18092774,5.318795047,5.318795047,85.37793384,14.62206616,2.00,1.00
Matale,Matale,71,0,6533,10071,55870,72474,65941,0,8.173693733,12.59919394,69.89832724,90.67121491,82.49752118,79931,8676,0,2198,1387,3585,3585,10.85436189,0,2.749871764,1.73524665,4.485118415,4.485118415,84.6605197,15.3394803,1.00,1.00
Matara,Matara Four Gravets,57,0,0,0,112899,112899,112899,0,0,0,92.90324494,92.90324494,92.90324494,121523,11061,0,3432,947,4379,4379,9.101980695,0,2.824156744,0.779276351,3.603433095,3.603433095,87.29458621,12.70541379,1.00,1.00
Kalutara,Matugama,139,0,0,58885,29649,88534,88534,0,0,66.17668105,33.32033135,99.49701241,99.49701241,88982,5350,0,5609,2060,7669,7669,6.012451957,0,6.303522061,2.315074959,8.61859702,8.61859702,85.36895102,14.63104898,2.00,2.00
Kegalle,Mawanella,120,0,0,2497,120936,123432,123432,0,0,1.983917101,96.10270005,98.08661715,98.08661715,125840,5356,0,4578,5061,9639,9639,4.256198347,0,3.637952956,4.021773681,7.659726637,7.659726637,88.08407502,11.91592498,2.00,1.00
Kurunegala,Mawathagama,108,0,0,0,69787,69787,69787,0,0,0,96.45668524,96.45668524,96.45668524,72351,6944,0,2312,275,2587,2587,9.597655872,0,3.195532888,0.380091498,3.575624387,3.575624387,86.82671974,13.17328026,1.00,1.00
Kandy,Medadumbara,185,0,447,23249,42014,65710,65263,0,0.706300647,36.7313651,66.37811761,103.8157833,103.1094827,63295,3115,0,1321,1183,2504,2504,4.921399795,0,2.08705269,1.869025989,3.956078679,3.956078679,91.12252153,8.877478474,1.00,2.00
Monaragala,Medagama,240,0,33238,3884,0,37121,3884,0,89.3367398,10.43825409,0,99.77499389,10.43825409,37205,1532,0,943,309,1252,1252,4.117726112,0,2.534605564,0.83053353,3.365139094,3.365139094,92.51713479,7.482865206,1.00,1.00
Anuradhapura,Medawachchiya,489,8637,40204,568,0,40772,568,18.04371081,83.99546369,1.186635155,0,85.18209885,1.186635155,47865,2526,0,706,147,853,853,5.277342526,0,1.474981719,0.307113757,1.782095477,1.782095477,92.940562,7.059438003,1.00,1.00
Polonnaruwa,Medirigiriya,563,0,20461,47708,643,68811,48350,0,29.66264312,69.16374961,0.93160411,99.75799684,70.09535372,68978,4838,0,1258,78,1336,1336,7.013830497,0,1.823769898,0.113079533,1.93684943,1.93684943,91.04932007,8.950679927,1.00,2.00
Badulla,Meegahakiula,108,876,19154,0,0,19154,0,4.139732578,90.52758822,0,0,90.52758822,0,21158,806,0,233,193,426,426,3.809433784,0,1.101238302,0.912184516,2.013422819,2.013422819,94.1771434,5.822856603,1.00,1.00
Anuradhapura,Mihinthale,225,0,33631,6947,0,40578,6947,0,81.67489868,16.87089419,0,98.54579287,16.87089419,41177,2863,0,410,18,428,428,6.952910605,0,0.995701484,0.043713724,1.039415208,1.039415208,92.00767419,7.992325813,1.00,1.00
Kalutara,Millaniya,79,0,0,0,60436,60436,60436,0,0,0,102.8077226,102.8077226,102.8077226,58785,3579,0,4774,3067,7841,7841,6.088287829,0,8.121119333,5.217317343,13.33843668,13.33843668,80.5732755,19.4267245,2.00,1.00
Kandy,Minipe,248,2471,50918,394,0,51312,394,4.594146676,94.65811637,0.731861147,0,95.38997751,0.731861147,53792,2791,0,1924,1931,3855,3855,5.188503867,0,3.576740036,3.589753123,7.166493159,7.166493159,87.64500297,12.35499703,2.00,1.00
Gampaha,Minuwangoda,132,0,0,77123,121844,198967,198967,0,0,38.14645054,60.26652157,98.41297211,98.41297211,202176,16581,0,11758,4086,15844,15844,8.20127018,0,5.815724913,2.021011396,7.836736309,7.836736309,83.96199351,16.03800649,2.00,2.00
Gampaha,Mirigama,189,0,0,0,185311,185311,185311,0,0,0,98.77684116,98.77684116,98.77684116,187606,12589,0,7647,3130,10777,10777,6.710339755,0,4.076095647,1.668390137,5.744485784,5.744485784,87.54517446,12.45482554,2.00,1.00
Monaragala,Monaragala,290,0,36188,16250,643,53081,16893,0,68.41569542,30.72156095,1.216249938,100.3535063,31.93781089,52894,2100,0,1897,1358,3255,3255,3.97020456,0,3.586418119,2.567398949,6.153817068,6.153817068,89.87597837,10.12402163,2.00,2.00
Colombo,Moratuwa,18,0,0,0,135333,135333,135333,0,0,0,82.00433598,82.00433598,82.00433598,165031,16617,0,136,0,136,136,10.06901734,0,0.08240876,0,0.08240876,0.08240876,89.8485739,10.1514261,1.00,1.00
Trincomalee,Morawewa,272,0,5005,2359,0,7364,2359,0,70.30532219,33.13244292,0,103.4377651,33.13244292,7119,362,0,74,3,77,77,5.084983846,0,1.039471836,0.04214075,1.081612586,1.081612586,93.83340357,6.166596432,1.00,2.00
Matara,Mulatiyana,120,0,0,34822,19563,54386,54386,0,0,63.3038481,35.56450351,98.86835161,98.86835161,55008,2007,0,1898,1962,3860,3860,3.648560209,0,3.450407213,3.566753927,7.01716114,7.01716114,89.33427865,10.66572135,2.00,2.00
Puttalam,Mundel,211,0,0,11837,52486,64323,64323,0,0,17.63526429,78.19557851,95.8308428,95.8308428,67121,7109,0,2164,415,2579,2579,10.59132015,0,3.224028247,0.618286378,3.842314626,3.842314626,85.56636522,14.43363478,1.00,1.00
Mannar,Musali,462,0,0,1478,5346,6824,6824,0,0,20.79871181,75.23474636,96.03345817,96.03345817,7106,479,0,40,5,45,45,6.740782437,0,0.562904588,0.070363073,0.633267661,0.633267661,92.6259499,7.374050099,1.00,2.00
Trincomalee,Muthur,192,0,61200,0,0,61200,0,0,97.94134807,0,0,97.94134807,0,62486,5393,0,5082,1118,6200,6200,8.630733284,0,8.133021797,1.789200781,9.922222578,9.922222578,81.44704414,18.55295586,2.00,1.00
Anuradhapura,Nachchaduwa,102,0,0,27352,2513,29865,29865,0,0,97.32253157,8.943087568,106.2656191,106.2656191,28104,1792,0,634,184,818,818,6.376316539,0,2.255906633,0.654711073,2.910617706,2.910617706,90.71306576,9.286934244,1.00,2.00
Galle,Nagoda,173,0,0,49220,4770,53990,53990,0,0,91.15293568,8.834285923,99.98722161,99.98722161,53997,1769,0,2210,2184,4394,4394,3.276107932,0,4.092819971,4.044669148,8.13748912,8.13748912,88.58640295,11.41359705,2.00,2.00
Jaffna,Nallur,33,0,0,70154,0,70154,70154,0,0,90.81709384,0,90.81709384,90.81709384,77248,12290,0,1115,223,1338,1338,15.90979702,0,1.443403065,0.288680613,1.732083679,1.732083679,82.3581193,17.6418807,1.00,2.00
Mannar,Nanaddan,140,0,725,11843,314,12882,12157,0,4.845099094,79.1439889,2.097729546,86.08681754,81.24171845,14964,1287,0,331,19,350,350,8.60064154,0,2.211975408,0.126971398,2.338946806,2.338946806,89.06041165,10.93958835,1.00,2.00
Kurunegala,Narammala,109,0,0,0,59067,59067,59067,0,0,0,95.47958276,95.47958276,95.47958276,61864,4657,0,2968,1264,4232,4232,7.527802923,0,4.797620587,2.043191517,6.840812104,6.840812104,85.63138497,14.36861503,2.00,1.00
Puttalam,Nattandiya,78,0,0,102,67249,67352,67352,0,0,0.151036928,99.23601021,99.38704714,99.38704714,67767,5745,0,4023,1123,5146,5146,8.477577582,0,5.936517774,1.65714876,7.593666534,7.593666534,83.92875588,16.07124412,2.00,1.00
Matale,Naula,287,0,25508,5545,0,31052,5545,0,83.35797287,18.11932987,0,101.4773027,18.11932987,30600,1099,0,712,433,1145,1145,3.591503268,0,2.326797386,1.41503268,3.741830065,3.741830065,92.66666667,7.333333333,1.00,1.00
Ampara,Navithanveli,73,0,5522,14713,0,20235,14713,0,27.75381277,73.95137201,0,101.7051848,73.95137201,19896,1359,0,481,8,489,489,6.830518697,0,2.417571371,0.040209087,2.457780458,2.457780458,90.71170084,9.288299156,1.00,2.00
Puttalam,Nawagattegama,170,0,0,532,13236,13767,13767,0,0,3.858826966,96.07028974,99.9291167,99.9291167,13777,677,0,154,21,175,175,4.91398708,0,1.117805037,0.15242796,1.270232997,1.270232997,93.81577992,6.184220077,1.00,1.00
Gampaha,Negombo,28,0,0,0,95566,95566,95566,0,0,0,69.80818746,69.80818746,69.80818746,136898,11901,0,189,68,257,257,8.693333723,0,0.138058993,0.049672019,0.187731011,0.187731011,91.11893527,8.881064734,1.00,1.00
Galle,Neluwa,153,0,0,15278,13448,28726,28726,0,0,53.26515193,46.88583826,100.1509902,100.1509902,28683,869,0,865,859,1724,1724,3.029669142,0,3.015723599,2.994805285,6.010528885,6.010528885,90.95980197,9.040198027,2.00,2.00
Kurunegala,Nikaweratiya,149,0,0,766,42948,43714,43714,0,0,1.743351198,97.79328395,99.53663515,99.53663515,43917,2309,0,1365,336,1701,1701,5.257645103,0,3.108135802,0.765079582,3.873215384,3.873215384,90.86913951,9.130860487,1.00,1.00
Ampara,Nintavur,34,0,2677,21269,0,23946,21269,0,9.977131898,79.26034739,0,89.23747929,79.26034739,26834,2403,0,3274,734,4008,4008,8.955057017,0,12.20093911,2.735335768,14.93627488,14.93627488,76.10866811,23.89133189,2.00,2.00
Ratnapura,Nivithigala,153,0,2364,54247,2848,59458,57094,0,3.923060372,90.03155545,4.726241381,98.6808572,94.75779683,60253,1521,0,1521,1597,3118,3118,2.524355634,0,2.524355634,2.650490432,5.174846066,5.174846066,92.3007983,7.6992017,2.00,2.00
Galle,Niyagama,104,0,0,28178,8228,36406,36406,0,0,75.0020365,21.89937536,96.90141186,96.90141186,37570,1689,0,1650,713,2363,2363,4.495608198,0,4.39180197,1.897790791,6.28959276,6.28959276,89.21479904,10.78520096,2.00,2.00
Anuradhapura,Nochchiyagama,837,0,0,11945,41934,53879,53879,0,0,22.62660004,79.4338827,102.0604827,102.0604827,52791,2922,0,967,122,1089,1089,5.535034381,0,1.831751624,0.231099998,2.062851622,2.062851622,92.402114,7.597886003,1.00,2.00
Nuwara Eliya,Nuwara Eliya,482,0,3593,210914,158,214665,211072,0,1.689976734,99.21771778,0.074414543,100.9821091,99.29213232,212577,9546,0,5027,8372,13399,13399,4.490608109,0,2.36479017,3.938337638,6.303127808,6.303127808,89.20626408,10.79373592,2.00,2.00
Anuradhapura,Nuwaragam Palatha Central,399,0,12653,56179,2,68834,56181,0,18.74361671,83.22197982,0.002657888,101.9682544,83.22463771,67505,4611,0,1430,87,1517,1517,6.83060514,0,2.118361603,0.128879342,2.247240945,2.247240945,90.92215391,9.077846085,1.00,2.00
Anuradhapura,Nuwaragam Palatha East,86,0,6660,61455,0,68115,61455,0,9.000367006,83.05253489,0,92.0529019,83.05253489,73995,7739,0,3762,1719,5481,5481,10.45881478,0,5.084127306,2.323129941,7.407257247,7.407257247,82.13392797,17.86607203,2.00,2.00
Mullaitivu,Oddusuddan,748,0,6143,1186,0,7329,1186,0,85.21739403,16.45012301,0,101.667517,16.45012301,7209,351,0,122,16,138,138,4.868913858,0,1.692329033,0.221944791,1.914273824,1.914273824,93.21681232,6.783187682,1.00,1.00
Hambantota,Okewela,42,0,0,0,19966,19966,19966,0,0,0,94.72594081,94.72594081,94.72594081,21078,1382,0,730,194,924,924,6.556599298,0,3.463326691,0.920390929,4.38371762,4.38371762,89.05968308,10.94031692,1.00,1.00
Ratnapura,Opanayake,79,0,8020,20499,0,28519,20499,0,27.67452755,70.73709343,0,98.41162098,70.73709343,28979,979,0,771,1763,2534,2534,3.37830843,0,2.660547293,6.083715794,8.744263087,8.744263087,87.87742848,12.12257152,2.00,2.00
Kilinochchi,Pachchilaipalli,164,0,1128,7811,2,8942,7813,0,14.93833919,103.4067175,0.025816463,118.3708731,103.432534,7554,447,0,94,21,115,115,5.917394758,0,1.244373842,0.277998411,1.522372253,1.522372253,92.56023299,7.439767011,1.00,2.00
Trincomalee,Padavi Sri Pura,114,446,11836,0,0,11836,0,3.552696666,94.19829422,0.00028222,0,94.19857644,0.00028222,12565,758,0,107,8,115,115,6.032630322,0,0.851571827,0.063668922,0.915240748,0.915240748,93.05212893,6.94787107,1.00,1.00
Anuradhapura,Padaviya,235,5551,16093,0,0,16093,0,25.6200824,74.27891056,0,0,74.27891056,0,21666,1210,0,112,2,114,114,5.584787224,0,0.516938983,0.009231053,0.526170036,0.526170036,93.88904274,6.11095726,1.00,1.00
Ampara,Padiyathalawa,377,123,9014,8224,0,17238,8224,0.708871805,51.88153096,47.33317964,0,99.21471061,47.33317964,17374,730,0,449,105,554,554,4.201680672,0,2.5843214,0.60435133,3.188672729,3.188672729,92.6096466,7.390353402,1.00,2.00
Colombo,Padukka,106,0,0,0,78659,78659,78659,0,0,0,99.60806795,99.60806795,99.60806795,78969,4096,0,4446,4633,9079,9079,5.186845471,0,5.630057364,5.866859147,11.49691651,11.49691651,83.31623802,16.68376198,2.00,1.00
Anuradhapura,Palagala,220,0,2671,29826,5110,37607,34936,0,7.167449326,80.0223105,13.70995137,100.8997112,93.73226188,37272,1894,0,572,91,663,663,5.081562567,0,1.534664091,0.244151105,1.778815196,1.778815196,93.13962224,6.860377763,1.00,2.00
Kalutara,Palindanuwara,284,0,0,631,55581,56212,56212,0,0,1.131088559,99.63503674,100.7661253,100.7661253,55785,1833,0,1908,1021,2929,2929,3.285829524,0,3.420274267,1.830241104,5.250515372,5.250515372,91.4636551,8.536344896,2.00,1.00
Puttalam,Pallama,121,0,0,0,25711,25711,25711,0,0,0,96.74869758,96.74869758,96.74869758,26575,1236,0,520,90,610,610,4.65098777,0,1.956726246,0.338664158,2.295390405,2.295390405,93.05362183,6.946378175,1.00,1.00
Matale,Pallepola,82,0,15518,16153,0,31671,16153,0,47.79275985,49.74978903,0,97.54254888,49.74978903,32469,1336,0,872,307,1179,1179,4.114694016,0,2.685638609,0.945517263,3.631155872,3.631155872,92.25415011,7.745849888,1.00,2.00
Anuradhapura,Palugaswewa,203,0,37,12567,1634,14239,14202,0,0.262550943,88.29101095,11.48210198,100.0356639,99.77311293,14234,707,0,272,63,335,335,4.966980469,0,1.910917521,0.44260222,2.353519741,2.353519741,92.67949979,7.320500211,1.00,2.00
Kalutara,Panadura,43,0,0,0,187936,187936,187936,0,0,0,91.5802473,91.5802473,91.5802473,205215,21879,0,10279,353,10632,10632,10.66150135,0,5.008893112,0.172014716,5.180907828,5.180907828,84.15759082,15.84240918,2.00,1.00
Kurunegala,Panduwasnuwara East,103,0,0,0,33734,33734,33734,0,0,0,97.77217359,97.77217359,97.77217359,34503,1924,0,668,161,829,829,5.576326696,0,1.936063531,0.46662609,2.402689621,2.402689621,92.02098368,7.979016317,1.00,1.00
Kurunegala,Panduwasnuwara West,181,0,0,0,62549,62549,62549,0,0,0,99.28668455,99.28668455,99.28668455,62998,4430,0,1304,228,1532,1532,7.031969269,0,2.069906981,0.361916251,2.431823232,2.431823232,90.5362075,9.463792501,1.00,1.00
Kurunegala,Pannala,282,0,0,677,132587,133264,133264,0,0,0.513263485,100.5408638,101.0541273,101.0541273,131874,8934,0,6290,1845,8135,8135,6.774648528,0,4.769704415,1.399062742,6.168767157,6.168767157,87.05658432,12.94341568,2.00,1.00
Kandy,Panvila,93,0,0,2144,24062,26205,26205,0,0,8.048611606,90.34970504,98.39831664,98.39831664,26632,1201,0,466,321,787,787,4.509612496,0,1.749774707,1.205316912,2.955091619,2.955091619,92.53529588,7.464704115,1.00,1.00
Kandy,Pasbagekorale,122,0,0,51073,10769,61842,61842,0,0,81.38787397,17.16087989,98.54875386,98.54875386,62753,2991,0,1711,3937,5648,5648,4.766305993,0,2.726562873,6.273803643,9.000366516,9.000366516,86.23332749,13.76667251,2.00,2.00
Matara,Pasgoda,154,0,0,62003,2,62005,62005,0,0,101.0821562,0.003224272,101.0853805,101.0853805,61339,2000,0,1887,1727,3614,3614,3.260568317,0,3.076346207,2.815500742,5.891846949,5.891846949,90.84758473,9.152415266,2.00,2.00
Badulla,Passara,135,0,30865,17032,0,47897,17032,0,63.00471402,34.76767252,0,97.77238654,34.76767252,48988,1544,0,357,273,630,630,3.151792276,0,0.728749898,0.557279334,1.286029232,1.286029232,95.56217849,4.437821507,1.00,2.00
Kandy,Pathadumbara,49,0,0,87114,6795,93908,93908,0,0,89.42882641,6.975579778,96.40440618,96.40440618,97411,4298,0,2735,9193,11928,11928,4.412232705,0,2.807691123,9.437332539,12.24502366,12.24502366,83.34274363,16.65725637,2.00,2.00
Kandy,Pathahewaheta,83,0,0,56751,5069,61820,61820,0,0,91.03543349,8.131191643,99.16662514,99.16662514,62340,3264,0,1262,1577,2839,2839,5.235803657,0,2.024382419,2.52967597,4.554058389,4.554058389,90.21013795,9.789862047,1.00,2.00
Ratnapura,Pelmadulla,147,0,489,88454,4220,93162,92673,0,0.518237205,93.78333259,4.473748434,98.77531823,98.25708102,94317,4274,0,3784,5520,9304,9304,4.53152666,0,4.012002078,5.852603454,9.864605532,9.864605532,85.60386781,14.39613219,2.00,2.00
Matara,Pitabaddara,137,0,1183,50353,29,51566,50383,0,2.219028185,94.42538616,0.054845469,96.69925982,94.48023163,53326,1532,0,1762,2263,4025,4025,2.872895023,0,3.304204328,4.24370851,7.547912838,7.547912838,89.57919214,10.42080786,2.00,2.00
Kurunegala,Polgahawela,97,0,0,23068,44721,67789,67789,0,0,32.79269911,63.57300574,96.36570485,96.36570485,70346,5965,0,3314,2619,5933,5933,8.479515537,0,4.710999915,3.723026185,8.4340261,8.4340261,83.08645836,16.91354164,2.00,2.00
Kurunegala,Polpitigama,413,0,5185,54003,22651,81839,76654,0,6.278064385,65.38784444,27.4257849,99.09169372,92.81362933,82589,3815,0,1571,341,1912,1912,4.619259223,0,1.902190364,0.412887915,2.315078279,2.315078279,93.0656625,6.934337503,1.00,2.00
Kandy,Poojapitiya,59,0,0,7038,55890,62928,62928,0,0,10.73720133,85.26192042,95.99912174,95.99912174,65551,2022,0,1322,1559,2881,2881,3.084621135,0,2.016750317,2.378300865,4.395051182,4.395051182,92.52032768,7.479672316,1.00,1.00
Kilinochchi,Poonakary,463,0,3265,6068,5,9338,6073,0,33.32402492,61.92623244,0.046281652,95.29653901,61.97251409,9799,659,0,141,28,169,169,6.725176038,0,1.438922339,0.285743443,1.724665782,1.724665782,91.55015818,8.449841821,1.00,2.00
Batticaloa,Porativu Pattu,155,1496,12541,15478,0,28019,15478,4.626166775,38.78510648,47.8700836,0,86.65519007,47.8700836,32334,2428,0,771,96,867,867,7.509123523,0,2.384486918,0.296901095,2.681388013,2.681388013,89.80948846,10.19051154,1.00,2.00
Ampara,Pottuvil,302,0,1712,28893,87,30692,28980,0,4.707000457,79.45194626,0.238963445,84.39791017,79.69090971,36366,2604,0,1021,5,1026,1026,7.160534565,0,2.807567508,0.013749106,2.821316614,2.821316614,90.01814882,9.98185118,1.00,2.00
Mullaitivu,Puthukkudiyiruppu,326,0,3257,3408,0,6665,3408,0,49.84430429,52.16265027,0,102.0069546,52.16265027,6534,378,0,81,11,92,92,5.785123967,0,1.239669421,0.168350168,1.40801959,1.40801959,92.80685644,7.193143557,1.00,2.00
Puttalam,Puttalam,166,0,0,83635,1213,84848,84848,0,0,94.45140128,1.370251716,95.82165299,95.82165299,88548,15266,0,3202,1026,4228,4228,17.24036681,0,3.616117812,1.15869359,4.774811402,4.774811402,77.98482179,22.01517821,1.00,2.00
Anuradhapura,Rajanganaya,98,0,0,11478,24542,36020,36020,0,0,30.66118943,65.56067136,96.22186078,96.22186078,37434,2060,0,726,163,889,889,5.503018646,0,1.939413368,0.435433029,2.374846396,2.374846396,92.12213496,7.877865042,1.00,2.00
Anuradhapura,Rambewa,306,5132,32493,2276,0,34769,2276,12.93861779,81.91489213,5.737695958,0,87.65258809,5.737695958,39667,2357,0,426,12,438,438,5.941966874,0,1.073940555,0.030251847,1.104192402,1.104192402,92.95384072,7.046159276,1.00,1.00
Kegalle,Rambukkana,128,0,0,15001,70850,85851,85851,0,0,16.8180793,79.4306813,96.2487606,96.2487606,89197,4134,0,4607,4437,9044,9044,4.634685023,0,5.164971916,4.974382546,10.13935446,10.13935446,85.22596051,14.77403949,2.00,1.00
Kurunegala,Rasnayakapura,125,0,0,0,24486,24486,24486,0,0,0,100.3293693,100.3293693,100.3293693,24406,1086,0,428,83,511,511,4.449725477,0,1.753667131,0.340080308,2.093747439,2.093747439,93.45652708,6.543472916,1.00,1.00
Colombo,Ratmalana,13,0,0,0,84458,84458,84458,0,0,0,94.53353328,94.53353328,94.53353328,89342,12491,0,260,0,260,260,13.98110631,0,0.291016543,0,0.291016543,0.291016543,85.72787715,14.27212285,1.00,1.00
Ratnapura,Ratnapura,331,71,29905,87178,8330,125413,95508,0.055352947,23.3453759,68.05552189,6.502694575,97.90359237,74.55821646,128098,3499,0,4994,19132,24126,24126,2.731502443,0,3.898577651,14.93544005,18.83401771,18.83401771,78.43447985,21.56552015,2.00,2.00
Matale,Rattota,104,0,30,8169,46150,54350,54319,0,0.055382357,14.89758899,84.15827351,99.11124486,99.0558625,54837,1880,0,1309,1991,3300,3300,3.428342178,0,2.387074421,3.630760253,6.017834674,6.017834674,90.55382315,9.446176851,2.00,1.00
Kurunegala,Rideegama,225,0,424,44664,50642,95730,95306,0,0.436643376,46.01732165,52.17552887,98.6294939,98.19285053,97060,5428,0,4024,2134,6158,6158,5.592417062,0,4.145889141,2.198640016,6.344529157,6.344529157,88.06305378,11.93694622,2.00,2.00
Badulla,Rideemaliyadda,429,14873,20482,18546,0,39028,18546,27.63558043,38.05606433,34.45987402,0,72.51593834,34.45987402,53820,2355,0,836,256,1092,1092,4.375696767,0,1.553325901,0.475659606,2.028985507,2.028985507,93.59531773,6.404682274,1.00,2.00
Kegalle,Ruwanwella,141,0,0,3751,66362,70112,70112,0,0,5.2967225,93.71941813,99.01614063,99.01614063,70809,1670,0,2188,10803,12991,12991,2.358457258,0,3.090002683,15.25653519,18.34653787,18.34653787,79.29500487,20.70499513,2.00,1.00
Ampara,Sainthamaruthu,3,0,0,17426,0,17426,17426,0,0,53.39165178,0,53.39165178,53.39165178,32638,1834,0,4557,180,4737,4737,5.619216864,0,13.96225259,0.551504381,14.51375697,14.51375697,79.86702617,20.13297383,2.00,2.00
Ampara,Sammanthurai,106,0,5735,60778,0,66513,60778,0,8.522559491,90.3171256,0,98.83968509,90.3171256,67294,3813,0,928,47,975,975,5.666181235,0,1.37902339,0.069842779,1.448866169,1.448866169,92.8849526,7.115047404,1.00,2.00
Colombo,Seethawaka,146,0,0,0,130399,130399,130399,0,0,0,97.83205615,97.83205615,97.83205615,133289,4810,0,7105,22132,29237,29237,3.608699893,0,5.330522399,16.604521,21.9350434,21.9350434,74.45625671,25.54374329,2.00,1.00
Trincomalee,Seruvila,293,0,15510,714,0,16223,714,0,95.59085148,4.39836264,0,99.98921412,4.39836264,16225,1233,0,392,62,454,454,7.599383667,0,2.416024653,0.382126348,2.798151002,2.798151002,89.60246533,10.39753467,1.00,1.00
Monaragala,Sevanagala,181,0,0,16,46227,46243,46243,0,0,0.034713159,99.34802968,99.38274284,99.38274284,46530,1949,0,1189,856,2045,2045,4.188695465,0,2.55534064,1.839673329,4.395013969,4.395013969,91.41629057,8.583709435,1.00,1.00
Monaragala,Siyambalanduwa,1056,666,24080,25434,0,49514,25434,1.34603518,48.70290557,51.44185908,0,100.1447647,51.44185908,49442,1978,0,922,323,1245,1245,4.000647223,0,1.864811294,0.653290724,2.518102019,2.518102019,93.48125076,6.518749242,1.00,2.00
Hambantota,Sooriyawewa,191,0,0,18357,30817,49174,49174,0,0,36.97059556,62.06414229,99.03473785,99.03473785,49653,2756,0,1084,462,1546,1546,5.550520613,0,2.183151068,0.930457374,3.113608443,3.113608443,91.33587094,8.664129056,1.00,2.00
Badulla,Soranathota,81,0,8929,14604,0,23533,14604,0,38.18246846,62.44976532,0,100.6322338,62.44976532,23385,729,0,250,162,412,412,3.117382938,0,1.069061364,0.692751764,1.761813128,1.761813128,95.12080393,4.879196066,1.00,2.00
Colombo,Sri Jayawardanapura Kotte,16,0,0,0,104516,104516,104516,0,0,0,93.08795556,93.08795556,93.08795556,112277,5806,0,11058,50241,61299,61299,5.171139236,0,9.848855954,44.74736589,54.59622184,54.59622184,40.23263892,59.76736108,2.00,1.00
Hambantota,Tangalle,150,0,0,8931,62239,71170,71170,0,0,11.20225306,78.06513144,89.2673845,89.2673845,79727,4478,0,2596,1231,3827,3827,5.616666876,0,3.25611148,1.544018965,4.800130445,4.800130445,89.58320268,10.41679732,1.00,1.00
Anuradhapura,Thalawa,227,0,0,35563,28403,63966,63966,0,0,54.59019898,43.59913872,98.1893377,98.1893377,65146,3655,0,1118,89,1207,1207,5.610474933,0,1.716145274,0.136616216,1.85276149,1.85276149,92.53676358,7.463236423,1.00,2.00
Polonnaruwa,Thamankaduwa,442,0,6072,79652,1181,86905,80833,0,7.077885752,92.84799203,1.376718503,101.3025963,94.22471053,85788,6268,0,5056,2369,7425,7425,7.306383177,0,5.893598172,2.761458479,8.655056651,8.655056651,84.03856017,15.96143983,2.00,2.00
Trincomalee,Thambalagamuwa,273,0,20118,5912,0,26030,5912,0,76.1859514,22.38766903,0,98.57362042,22.38766903,26407,2901,0,335,12,347,347,10.98572348,0,1.268603022,0.045442496,1.314045518,1.314045518,87.700231,12.299769,1.00,2.00
Anuradhapura,Thambuththegama,113,0,0,1431,45094,46525,46525,0,0,2.969630957,93.58252479,96.55215575,96.55215575,48186,3600,0,851,75,926,926,7.471049682,0,1.766073133,0.155646868,1.921720002,1.921720002,90.60723032,9.392769684,1.00,1.00
Monaragala,Thanamalwila,615,0,0,3882,21957,25838,25838,0,0,15.81675855,89.46517173,105.2819303,105.2819303,24542,1152,0,635,322,957,957,4.69399397,0,2.58740119,1.312036509,3.899437699,3.899437699,91.40656833,8.593431668,1.00,1.00
Galle,Thawalama,174,0,0,17468,15283,32752,32752,0,0,53.66578809,46.95352678,100.6193149,100.6193149,32550,834,0,878,1282,2160,2160,2.562211982,0,2.697388633,3.938556068,6.6359447,6.6359447,90.80184332,9.198156682,2.00,2.00
Jaffna,Thenmaradchi (Chavakachcheri),208,0,0,39015,30727,69742,69742,0,0,55.21611,43.48578176,98.70189176,98.70189176,70659,5713,0,1375,183,1558,1558,8.085311142,0,1.945965836,0.258990362,2.204956198,2.204956198,89.70973266,10.29026734,1.00,2.00
Matara,Thihagoda,53,0,0,2694,36979,39673,39673,0,0,7.081756461,97.21122639,104.2929828,104.2929828,38040,4019,0,2565,306,2871,2871,10.56519453,0,6.742902208,0.804416404,7.547318612,7.547318612,81.88748686,18.11251314,2.00,1.00
Colombo,Thimbirigasyaya,22,0,0,0,191003,191003,191003,0,0,0,82.98298508,82.98298508,82.98298508,230171,46565,0,24647,1128,25775,25775,20.23061115,0,10.7081257,0.490070426,11.19819612,11.19819612,68.57119272,31.42880728,2.00,1.00
Anuradhapura,Thirappane,272,0,0,27027,769,27796,27796,0,0,96.34248206,2.741469337,99.0839514,99.0839514,28053,1425,0,342,22,364,364,5.079670623,0,1.21912095,0.078422985,1.297543935,1.297543935,93.62278544,6.377214558,1.00,2.00
Hambantota,Thissamaharama,784,0,2238,67934,0,70172,67934,0,3.057943274,92.82670575,0,95.88464902,92.82670575,73184,6058,0,3113,829,3942,3942,8.277765632,0,4.253662003,1.132761259,5.386423262,5.386423262,86.33581111,13.66418889,2.00,2.00
Mullaitivu,Thunukkai,325,0,2517,238,0,2755,238,0,98.9087581,9.347897119,0,108.2566552,9.347897119,2545,121,0,8,0,8,8,4.754420432,0,0.314341847,0,0.314341847,0.314341847,94.93123772,5.068762279,1.00,1.00
Ampara,Tirukkovil,197,36,22546,1929,0,24475,1929,0.142954969,88.43585594,7.56612828,0,96.00198422,7.56612828,25494,1846,0,779,40,819,819,7.240919432,0,3.05562093,0.156899663,3.212520593,3.212520593,89.54655997,10.45344003,1.00,1.00
Trincomalee,Town & Gravets,128,0,76637,0,0,76637,0,0,77.19711096,0,0,77.19711096,0,99275,6830,0,861,345,1206,1206,6.879879124,0,0.867287837,0.347519516,1.214807353,1.214807353,91.90531352,8.094686477,1.00,1.00
Kandy,Tumpane,51,0,0,5656,33532,39187,39187,0,0,13.74645557,81.50189213,95.2483477,95.2483477,41142,1329,0,884,703,1587,1587,3.230275631,0,2.148655875,1.708716154,3.857372029,3.857372029,92.91235234,7.087647659,1.00,1.00
Kandy,Udapalatha,94,0,0,19882,72250,92132,92132,0,0,19.83195028,72.06666495,91.89861523,91.89861523,100254,2630,0,2501,14254,16755,16755,2.623336725,0,2.494663555,14.21788657,16.71255012,16.71255012,80.66411315,19.33588685,2.00,1.00
Kurunegala,Udubaddawa,120,0,0,399,54905,55304,55304,0,0,0.700908147,96.35996869,97.06087684,97.06087684,56979,3980,0,1940,321,2261,2261,6.985029572,0,3.404763158,0.56336545,3.968128609,3.968128609,89.04684182,10.95315818,1.00,1.00
Kandy,Ududumbara,272,121,16596,3132,0,19729,3132,0.607166967,82.93982599,15.65371281,0,98.5935388,15.65371281,20010,559,0,219,199,418,418,2.793603198,0,1.094452774,0.994502749,2.088955522,2.088955522,95.11744128,4.882558721,1.00,1.00
Kandy,Udunuwara,69,0,0,12699,104608,117307,117307,0,0,10.30058839,84.85216936,95.15275775,95.15275775,123283,5328,0,3219,3430,6649,6649,4.321763747,0,2.611065597,2.782216526,5.393282123,5.393282123,90.28495413,9.71504587,2.00,1.00
Ampara,Uhana,526,3695,53493,2921,0,56414,2921,6.211954665,89.93627749,4.910926813,0,94.84720431,4.910926813,59479,4249,0,930,110,1040,1040,7.143697776,0,1.563577061,0.184939222,1.748516283,1.748516283,91.10778594,8.892214059,1.00,1.00
Matale,Ukuwela,79,0,0,333,77242,77575,77575,0,0,0.433137453,100.4739928,100.9071302,100.9071302,76878,2672,0,4017,3205,7222,7222,3.475636723,0,5.225161945,4.168943001,9.394104945,9.394104945,87.13025833,12.86974167,2.00,1.00
Badulla,Uvaparanagama,138,0,25884,52409,214,78507,52623,0,32.28044984,65.35894962,0.26704661,97.90644607,65.62599623,80186,3010,0,1213,1445,2658,2658,3.753772479,0,1.512732896,1.80206021,3.314793106,3.314793106,92.93143441,7.068565585,1.00,2.00
Jaffna,Vadamaradchchi East,155,0,1820,5094,0,6914,5094,0,19.61872942,54.91315855,0,74.53188797,54.91315855,9276,718,0,66,0,66,66,7.740405347,0,0.711513583,0,0.711513583,0.711513583,91.54808107,8.451918931,1.00,2.00
Jaffna,Vadamaradchchi South-West (Karaveddy),68,0,0,46997,1096,48093,48093,0,0,105.7585238,2.465830493,108.2243543,108.2243543,44438,4626,0,2125,151,2276,2276,10.41000945,0,4.781943382,0.339799271,5.121742653,5.121742653,84.4682479,15.5317521,2.00,2.00
Jaffna,Vadamaradchi North (Point Pedro),39,0,0,39554,43,39597,39597,0,0,75.03792267,0.081749667,75.11967234,75.11967234,52712,5336,0,445,116,561,561,10.12293216,0,0.844210047,0.220063743,1.06427379,1.06427379,88.81279405,11.18720595,1.00,2.00
Jaffna,Valikamam East (Kopay),97,0,0,66386,10074,76460,76460,0,0,87.89802637,13.33860367,101.23663,101.23663,75526,13339,0,2372,219,2591,2591,17.66146757,0,3.140640309,0.289966369,3.430606678,3.430606678,78.90792575,21.09207425,1.00,2.00
Jaffna,Valikamam North (Thllippalai),61,0,5075,28045,0,33120,28045,0,14.47723344,80.00571679,0,94.48295023,80.00571679,35054,6251,0,1882,669,2551,2551,17.83248702,0,5.368859474,1.908484053,7.277343527,7.277343527,74.89016945,25.10983055,2.00,2.00
Jaffna,Valikamam South (Uduvil),33,0,4932,49571,0,54503,49571,0,8.476228111,85.19429005,0,93.67051816,85.19429005,58186,7027,0,2281,420,2701,2701,12.07678823,0,3.920186987,0.721823119,4.642010106,4.642010106,83.28120166,16.71879834,1.00,2.00
Jaffna,Valikamam South West (Sandilipay),46,0,21757,29153,0,50910,29153,0,41.73399174,55.9223011,0,97.65629284,55.9223011,52132,5932,0,1094,111,1205,1205,11.37880764,0,2.098519144,0.212921047,2.31144019,2.31144019,86.30975217,13.69024783,1.00,2.00
Jaffna,Valikamam West (Chankanai),48,0,36416,5412,0,41827,5412,0,79.84303751,11.86544193,0,91.70847945,11.86544193,45609,4225,0,756,145,901,901,9.26352255,0,1.657567585,0.317919709,1.975487294,1.975487294,88.76099016,11.23900984,1.00,1.00
Puttalam,Vanathavilluwa,735,0,0,4138,7805,11943,11943,0,0,31.10724272,58.67385229,89.781095,89.781095,13302,676,0,339,46,385,385,5.081942565,0,2.548488949,0.34581266,2.894301609,2.894301609,92.02375583,7.976244174,1.00,2.00
Vavuniya,Vavuniya,616,26892,53764,18821,0,72586,18821,26.26771331,52.51708149,18.38461499,0,70.90169647,18.38461499,102375,10199,0,1404,136,1540,1540,9.962393162,0,1.371428571,0.132844933,1.504273504,1.504273504,88.53333333,11.46666667,1.00,1.00
Vavuniya,Vavuniya North,687,0,3065,1096,0,4161,1096,0,73.5820638,26.30883646,0,99.89090026,26.30883646,4166,276,0,41,4,45,45,6.62506001,0,0.984157465,0.096015362,1.080172828,1.080172828,92.29476716,7.705232837,1.00,2.00
Vavuniya,Vavuniya South,212,6133,9776,62,0,9838,62,41.74057728,66.54020611,0.419996647,0,66.96020276,0.419996647,14692,790,0,204,31,235,235,5.37707596,0,1.388510754,0.210999183,1.599509937,1.599509937,93.0234141,6.976585897,1.00,1.00
Vavuniya,Vengalacheddikulam,414,10157,19222,907,0,20128,907,32.90870109,62.28097254,2.937214454,0,65.218187,2.937214454,30863,2180,0,305,83,388,388,7.063474063,0,0.988238344,0.268930435,1.257168778,1.257168778,91.67935716,8.320642841,1.00,1.00
Trincomalee,Verugal,79,0,12917,0,0,12917,0,0,86.8006547,0,0,86.8006547,0,14881,1085,0,612,103,715,715,7.291176668,0,4.11262684,0.692157785,4.804784625,4.804784625,87.90403871,12.09596129,1.00,1.00
Kalutara,Walallawita,212,0,0,52050,6785,58835,58835,0,0,90.89230698,11.84779559,102.7401026,102.7401026,57266,2338,0,2537,957,3494,3494,4.082701778,0,4.430202913,1.671148675,6.101351587,6.101351587,89.81594664,10.18405336,2.00,2.00
Nuwara Eliya,Walapane,313,23,1913,94390,3623,99926,98013,0.023309322,1.906237619,94.06451853,3.610343356,99.5810995,97.67486188,100346,4923,0,1600,1644,3244,3244,4.906025153,0,1.594483089,1.638331373,3.232814462,3.232814462,91.86116039,8.138839615,1.00,2.00
Hambantota,Walasmulla,105,0,0,19466,26240,45706,45706,0,0,41.56893239,56.03419149,97.60312388,97.60312388,46828,2596,0,1581,550,2131,2131,5.543691808,0,3.376185188,1.174510976,4.550696165,4.550696165,89.90561203,10.09438797,1.00,2.00
Kegalle,Warakapola,197,0,0,46102,73575,119677,119677,0,0,38.01670532,60.67182474,98.68853006,98.68853006,121267,4408,0,4082,5099,9181,9181,3.634954274,0,3.366125986,4.20477129,7.570897276,7.570897276,88.79414845,11.20585155,2.00,2.00
Kurunegala,Wariyapola,202,0,0,12291,54883,67174,67174,0,0,18.52050676,82.69882037,101.2193271,101.2193271,66365,4234,0,1096,182,1278,1278,6.379868907,0,1.651472915,0.27424094,1.925713855,1.925713855,91.69441724,8.305582762,1.00,1.00
Gampaha,Wattala,57,0,0,0,197247,197247,197247,0,0,0,102.3284214,102.3284214,102.3284214,192759,26129,0,32288,2776,35064,35064,13.5552685,0,16.75045004,1.440140279,18.19059032,18.19059032,68.25414118,31.74585882,2.00,1.00
Kurunegala,Weerabugedara,92,0,0,1670,37635,39306,39306,0,0,4.283531238,96.507938,100.7914692,100.7914692,38997,2494,0,952,307,1259,1259,6.395363746,0,2.441213427,0.787240044,3.228453471,3.228453471,90.37618278,9.623817217,1.00,1.00
