FID,ADM2_EN,ADM3_EN,Shape_Leng,Shape_Area,Area,pop2020,pop_low,pop_mod,pop_high,pop_vhigh,pop_risk,pop_hvhigh,pct_low,pct_mod,pct_high,pct_vhigh,pct_risk,pvt_hvhigh,pct_norisk,pct_hverisk
0,Jaffna,[unknown],0.717203132,0.000978735,12,15053,1608,1497,296,0,1793,296,10.68225603,9.944861489,1.966385438,0,11.91124693,1.966385438,77.40649704,22.59350296
1,Ampara,Addalaichenai,0.504240023,0.006046607,74,49255,12219,10870,1747,14,12631,1761,24.80763374,22.0688255,3.546848036,0.02842351,25.64409705,3.575271546,49.54826921,50.45173079
2,Kalutara,Agalawatta,0.636128865,0.007542359,92,42124,2021,2021,2068,1187,5276,3255,4.797740006,4.797740006,4.909315355,2.817871047,12.52492641,7.727186402,82.67733359,17.32266641
3,Ampara,Akkaraipattu,0.554561983,0.00434443,53,38928,6043,4745,4159,19,8923,4178,15.52353062,12.18916975,10.68382655,0.048808056,22.92180436,10.73263461,61.55466502,38.44533498
4,Galle,Akmeemana,0.622385815,0.005813277,71,98835,8124,6367,5862,1943,14172,7805,8.219760206,6.442049881,5.931097283,1.965902767,14.33904993,7.897000051,77.44118986,22.55881014
5,Kandy,Akurana,0.311562167,0.002449745,30,70520,2981,3964,1284,1566,6814,2850,4.227169597,5.621100397,1.820760068,2.220646625,9.66250709,4.041406693,86.11032331,13.88967669
6,Matara,Akuressa,0.764545785,0.012261009,150,57165,2263,1972,2571,2574,7117,5145,3.958715998,3.449663255,4.497507216,4.502755182,12.44992565,9.000262398,83.59135835,16.40864165
7,Kurunegala,Alawwa,0.535741533,0.01066309,130,68678,3669,2787,2308,1452,6547,3760,5.342322141,4.058068086,3.360610385,2.114214159,9.532892629,5.474824544,85.12478523,14.87521477
8,Ampara,Alayadivembu,0.598597962,0.005432409,66,24125,3124,2179,2097,651,4927,2748,12.9492228,9.032124352,8.692227979,2.698445596,20.42279793,11.39067358,66.62797927,33.37202073
9,Nuwara Eliya,Ambagamuwa,1.63355486,0.039320873,481,205429,10042,6048,4361,6543,16952,10904,4.888306909,2.94408287,2.12287457,3.185042034,8.251999474,5.307916604,86.85969362,13.14030638
10,Galle,Ambalangoda,0.529850618,0.003981204,49,66187,5582,4034,3766,178,7978,3944,8.43368033,6.094852463,5.689939112,0.268934987,12.05372656,5.958874099,79.51259311,20.48740689
11,Hambantota,Ambalantota,1.093760032,0.016680519,204,80407,3356,3492,4156,3782,11430,7938,4.173765966,4.342905468,5.168704217,4.703570585,14.21518027,9.872274802,81.61105376,18.38894624
12,Matale,Ambanganga,0.394836441,0.004538558,55,16358,425,346,359,312,1017,671,2.598117129,2.115173004,2.194644822,1.907323634,6.21714146,4.101968456,91.18474141,8.815258589
13,Kurunegala,Ambanpola,0.678006063,0.011378008,139,25283,1323,1149,399,36,1584,435,5.232765099,4.54455563,1.578135506,0.142388166,6.265079302,1.720523672,88.5021556,11.4978444
14,Ampara,Ampara,1.158485771,0.010851215,133,47521,3441,2206,1301,224,3731,1525,7.241009238,4.642158204,2.737737,0.471370552,7.851265756,3.209107552,84.90772501,15.09227499
15,Puttalam,Anamaduwa,1.030754827,0.02030971,248,41849,2025,1558,687,116,2361,803,4.8388253,3.722908552,1.641616287,0.27718703,5.641711869,1.918803317,89.51946283,10.48053717
16,Hambantota,Angunakolapelessa,0.773096606,0.01395877,171,53208,3271,2249,1278,281,3808,1559,6.147571794,4.226807999,2.401894452,0.528116073,7.156818524,2.930010525,86.69560968,13.30439032
17,Puttalam,Arachchikattuwa,1.072346954,0.012808359,156,43342,3639,3413,2087,286,5786,2373,8.396013105,7.87457893,4.815190808,0.659868026,13.34963776,5.475058834,78.25434913,21.74565087
18,Kegalle,Aranayake,0.724723102,0.009833215,120,71177,2794,1996,1873,2460,6329,4333,3.925425348,2.804276662,2.63146803,3.45617264,8.891917333,6.08764067,87.18265732,12.81734268
19,Matara,Athuraliya,0.443519453,0.005149734,63,34494,1419,1496,3684,2150,7330,5834,4.113758915,4.336986143,10.68011828,6.232968052,21.25007248,16.91308633,74.63616861,25.36383139
20,Gampaha,Attanagalla,0.887787441,0.012675956,155,203907,15745,12250,12073,5424,29747,17497,7.721657422,6.007640738,5.92083646,2.660036193,14.58851339,8.580872653,77.68982919,22.31017081
21,Ratnapura,Ayagama,0.738350772,0.013355298,163,34353,675,580,648,893,2121,1541,1.964893896,1.688353273,1.88629814,2.59948185,6.174133263,4.48577999,91.86097284,8.139027159
22,Monaragala,Badalkumbura,0.835632384,0.01938841,237,42390,1389,1081,709,379,2169,1088,3.276716207,2.550129748,1.672564284,0.894078792,5.116772824,2.566643076,91.60651097,8.39348903
23,Galle,Baddegama,0.686043437,0.00921561,113,80604,5219,4258,5521,2903,12682,8424,6.474864771,5.282616247,6.849536003,3.601558235,15.73371049,10.45109424,77.79142474,22.20857526
24,Badulla,Badulla,0.331156471,0.003998205,49,78416,3181,2136,2893,5364,10393,8257,4.056570088,2.723933891,3.689298102,6.840440726,13.25367272,10.52973883,82.68975719,17.31024281
25,Ratnapura,Balangoda,1.414698937,0.022366014,274,83500,2900,2752,2291,1615,6658,3906,3.473053892,3.295808383,2.743712575,1.934131737,7.973652695,4.677844311,88.55329341,11.44670659
26,Galle,Balapitiya,0.693797056,0.004040456,49,70424,6079,3805,1596,289,5690,1885,8.632000454,5.402987618,2.266272862,0.410371464,8.079631944,2.676644326,83.2883676,16.7116324
27,Kurunegala,Bamunakotuwa,0.511332348,0.009058082,111,55003,3739,1956,1012,319,3287,1331,6.797811028,3.556169663,1.839899642,0.579968365,5.976037671,2.419868007,87.2261513,12.7738487
28,Kalutara,Bandaragama,0.534420756,0.004596403,56,134125,11643,11214,7457,750,19421,8207,8.680708295,8.360857409,5.559739049,0.55917987,14.47977633,6.118918919,76.83951538,23.16048462
29,Badulla,Bandarawela,0.551257124,0.005800767,71,72183,3150,1977,1431,1865,5273,3296,4.363908399,2.738872034,1.982461244,2.583710846,7.305044124,4.56617209,88.33104748,11.66895252
30,Hambantota,Beliatta,0.564787148,0.008382457,103,59656,4088,3281,2279,920,6480,3199,6.852621698,5.499865898,3.82023602,1.542175137,10.86227706,5.362411157,82.28510125,17.71489875
31,Galle,Bentota,0.734910492,0.00564897,69,52773,4848,5297,2348,225,7870,2573,9.186515832,10.0373297,4.449244879,0.426354386,14.91292896,4.875599265,75.90055521,24.09944479
32,Kalutara,Beruwala,0.568416133,0.005937296,73,182427,15810,10478,8019,1596,20093,9615,8.666480291,5.74366733,4.395730895,0.874870496,11.01426872,5.270601391,80.31925099,19.68074901
33,Monaragala,Bibile,1.440507391,0.038072767,465,41306,1574,1399,843,448,2690,1291,3.810584419,3.386917155,2.040865734,1.084588195,6.512371084,3.125453929,89.6770445,10.3229555
34,Kurunegala,Bingiriya,0.862458388,0.015867604,194,67861,4435,3352,1555,264,5171,1819,6.535417987,4.939508702,2.291448697,0.389030518,7.619987916,2.680479215,85.8445941,14.1554059
35,Gampaha,Biyagama,0.445151768,0.004982192,61,214347,15450,13678,22652,28646,64976,51298,7.20793853,6.381241632,10.56791091,13.36431114,30.31346368,23.93222205,62.47859779,37.52140221
36,Galle,Bope-Poddala,0.29724286,0.002335479,29,61032,6186,4029,2808,210,7047,3018,10.13566654,6.601454974,4.60086512,0.344081793,11.54640189,4.944946913,78.31793158,21.68206842
37,Kegalle,Bulathkohipitiya,0.851522633,0.010255125,125,50008,1350,924,920,1714,3558,2634,2.699568069,1.847704367,1.839705647,3.427451608,7.114861622,5.267157255,90.18557031,9.814429691
38,Kalutara,Bulathsinhala,0.844436633,0.017226435,211,69336,2396,2206,2653,2374,7233,5027,3.455636322,3.1816084,3.826295142,3.423906773,10.43181031,7.250201915,86.11255336,13.88744664
39,Monaragala,Buttala,1.496655214,0.057955674,709,53573,3021,2534,1975,444,4953,2419,5.639034588,4.729994587,3.686558528,0.828775689,9.245328804,4.515334217,85.11563661,14.88436339
40,Puttalam,Chilaw,0.905858775,0.007082444,86,64565,5493,2545,1822,180,4547,2002,8.507705413,3.941764114,2.821962364,0.278788817,7.042515295,3.100751181,84.44977929,15.55022071
41,Colombo,Colombo,0.347750898,0.001480361,18,292248,26045,27084,29128,97,56309,29225,8.911951493,9.267471463,9.966877447,0.033190988,19.2675399,10.00006844,71.82050861,28.17949139
42,Ampara,Damana,2.169374076,0.038041676,465,38146,1846,1388,1010,305,2703,1315,4.839301631,3.638651497,2.647721911,0.799559587,7.085932994,3.447281497,88.07476538,11.92523462
43,Matale,Dambulla,1.492439887,0.036559619,446,79494,4357,3565,2551,1039,7155,3590,5.480916799,4.484615191,3.209047224,1.307016882,9.000679297,4.516064105,85.5184039,14.4815961
44,Puttalam,Dankotuwa,0.582076504,0.006264339,76,68019,6048,4640,3656,1465,9761,5121,8.89163322,6.82162337,5.374968759,2.153809965,14.35040209,7.528778724,76.75796469,23.24203531
45,Ampara,Dehiattakandiya,2.004238667,0.028437775,347,60556,2757,1694,875,177,2746,1052,4.552810622,2.797410661,1.444943523,0.292291433,4.534645617,1.737234956,90.91254376,9.087456239
46,Kegalle,Dehiowita,0.916400419,0.0158631,194,89053,1830,1458,1941,10288,13687,12229,2.054956037,1.637227269,2.179600912,11.55267088,15.36949906,13.73227179,82.5755449,17.4244551
47,Colombo,Dehiwala,0.140684549,0.000690783,8,88103,10676,1131,50,50,1231,100,12.11763504,1.283724731,0.056751756,0.056751756,1.397228244,0.113503513,86.48513671,13.51486329
48,Jaffna,Delft,0.44557596,0.003819204,46,2908,154,81,26,0,107,26,5.295735901,2.785419532,0.894085282,0,3.679504814,0.894085282,91.02475928,8.975240715
49,Kandy,Deltota,0.431197219,0.004052602,50,31183,1368,746,420,379,1545,799,4.38700574,2.392329154,1.346887727,1.21540583,4.954622711,2.562293557,90.65837155,9.341628451
50,Kegalle,Deraniyagala,0.783930448,0.018174809,222,45994,1230,835,881,2296,4012,3177,2.67426186,1.81545419,1.915467235,4.991955472,8.722876897,6.907422707,88.60286124,11.39713876
51,Matara,Devinuwara,0.587025132,0.003098857,38,54018,3978,2033,2088,646,4767,2734,7.364211929,3.763560295,3.865378207,1.195897664,8.824836166,5.061275871,83.8109519,16.1890481
52,Matara,Dikwella,0.428808356,0.004183411,51,56136,3247,2488,1585,760,4833,2345,5.784167023,4.432093487,2.823500071,1.353854924,8.609448482,4.177354995,85.60638449,14.39361551
53,Polonnaruwa,Dimbulagala,2.990375144,0.046297328,565,90858,4395,2363,1326,325,4014,1651,4.837218517,2.600761628,1.459420194,0.357701028,4.41788285,1.817121222,90.74489863,9.255101367
54,Gampaha,Divulapitiya,0.977101706,0.016616311,203,158900,13093,8945,8707,3193,20845,11900,8.239773442,5.629326621,5.479546885,2.009439899,13.1183134,7.488986784,78.64191315,21.35808685
55,Kalutara,Dodangoda,0.890037396,0.008956038,110,77980,4977,3623,3593,2993,10209,6586,6.382405745,4.646063093,4.60759169,3.838163632,13.09181841,8.445755322,80.52577584,19.47422416
56,Kandy,Doluwa,0.536679348,0.0076472,93,57076,2705,1798,1325,5040,8163,6365,4.739294975,3.150185717,2.321466115,8.830331488,14.30198332,11.1517976,80.9587217,19.0412783
57,Gampaha,Dompe,0.803574042,0.014647848,179,175774,9380,6808,9021,20081,35910,29102,5.336397875,3.873155302,5.13215834,11.42432897,20.42964261,16.55648731,74.23395952,25.76604048
58,Ratnapura,Eheliyagoda,0.791877839,0.011481579,140,77608,4183,4064,5434,2776,12274,8210,5.389908257,5.236573549,7.001855479,3.57695083,15.81537986,10.57880631,78.79471189,21.20528811
59,Kurunegala,Ehetuwewa,1.025244055,0.01389517,169,27846,1302,873,307,42,1222,349,4.67571644,3.135100194,1.102492279,0.150829563,4.388422035,1.253321842,90.93586152,9.064138476
60,Polonnaruwa,Elahera,0.995875571,0.030007117,366,43743,1941,1361,966,278,2605,1244,4.437281394,3.11135496,2.208353337,0.635530256,5.955238552,2.843883593,89.60748005,10.39251995
61,Ratnapura,Elapatha,0.483842391,0.007000693,86,40452,948,882,1811,1651,4344,3462,2.343518244,2.18036191,4.476910907,4.081380401,10.73865322,8.558291308,86.91782854,13.08217146
62,Badulla,Ella,0.537653657,0.008969266,110,48623,1738,1011,624,1125,2760,1749,3.57444008,2.0792629,1.283343274,2.313719845,5.676326019,3.597063118,90.7492339,9.250766098
63,Galle,Elpitiya,0.650263529,0.012312486,151,69773,3960,3648,3838,1795,9281,5633,5.675547848,5.228383472,5.500695111,2.572628381,13.30170696,8.073323492,81.02274519,18.97725481
64,Ratnapura,Embilipitiya,1.703926404,0.030873011,378,148231,8166,6807,4889,3213,14909,8102,5.508969109,4.592156836,3.298230465,2.167562791,10.05795009,5.465793255,84.4330808,15.5669192
65,Batticaloa,Eravur Pattu,2.472732287,0.048137459,587,86650,7837,7978,2086,576,10640,2662,9.044431621,9.207155222,2.407386036,0.66474322,12.27928448,3.072129256,78.6762839,21.3237161
66,Batticaloa,Eravur Town,0.054565418,0.000148658,2,7721,162,239,48,0,287,48,2.098173812,3.095453957,0.621681129,0,3.717135086,0.621681129,94.1846911,5.815308898
67,Anuradhapura,Galenbidunuwewa,1.322179373,0.023374471,285,50559,2604,1562,365,16,1943,381,5.150418323,3.089459839,0.721928836,0.031646196,3.84303487,0.753575031,91.00654681,8.993453193
68,Matale,Galewela,0.950991648,0.015937243,194,76017,5594,3980,1732,245,5957,1977,7.35888025,5.235670968,2.278437718,0.322296328,7.836405015,2.600734046,84.80471473,15.19528527
69,Kurunegala,Galgamuwa,1.467401139,0.021746404,265,61743,3321,2256,1052,76,3384,1128,5.378747388,3.653855498,1.703836872,0.123090877,5.480783247,1.826927749,89.14046936,10.85953064
70,Kegalle,Galigamuwa,0.775352768,0.010199542,125,79443,2838,2382,2321,2502,7205,4823,3.572372645,2.998376194,2.921591581,3.149427892,9.069395667,6.071019473,87.35823169,12.64176831
71,Galle,Galle4Gravets,0.381974477,0.001811235,22,98435,12688,6163,1983,303,8449,2286,12.88972418,6.260984406,2.014527353,0.307817341,8.5833291,2.322344694,78.52694672,21.47305328
72,Anuradhapura,Galnewa,0.713394289,0.01129348,138,37282,2180,1367,440,12,1819,452,5.847325787,3.666648785,1.180194196,0.032187114,4.879030095,1.21238131,89.27364412,10.72635588
73,Gampaha,Gampaha,0.722197574,0.007515833,92,225478,21071,17318,16459,4526,38303,20985,9.345035879,7.68057194,7.299603509,2.007291177,16.98746663,9.306894686,73.66749749,26.33250251
74,Kurunegala,Ganewatta,0.746873646,0.012311616,150,44031,2466,1638,1045,256,2939,1301,5.600599578,3.720106289,2.373327883,0.581408553,6.674842724,2.954736436,87.7245577,12.2754423
75,Kandy,Ganga Ihala Korale,0.584403304,0.007873659,96,64611,1247,1306,1693,4669,7668,6362,1.930011917,2.021327638,2.620296853,7.226323691,11.86794818,9.846620544,86.2020399,13.7979601
76,Kandy,Gangawata Korale,0.653799715,0.004841911,59,164957,5852,6623,4207,9443,20273,13650,3.54759119,4.014985724,2.550361609,5.724522148,12.28986948,8.274883758,84.16253933,15.83746067
77,Kurunegala,Giribawa,0.880908622,0.01631081,199,32924,1738,1199,576,77,1852,653,5.278823958,3.641720326,1.749483659,0.233871948,5.625075932,1.983355607,89.09610011,10.90389989
78,Ratnapura,Godakawela,0.777829959,0.012438509,152,82381,3752,2980,2920,3220,9120,6140,4.554448234,3.61733895,3.544506622,3.908668261,11.07051383,7.453174883,84.37503793,15.62496207
79,Trincomalee,Gomarankadawala,0.905941567,0.025207295,307,5464,359,209,74,4,287,78,6.570278184,3.825036603,1.35431918,0.073206442,5.252562225,1.427525622,88.17715959,11.82284041
80,Galle,Gonapinuwala,0.325776855,0.002005626,25,24640,2441,2087,1962,133,4182,2095,9.906655844,8.469967532,7.962662338,0.539772727,16.9724026,8.502435065,73.12094156,26.87905844
81,Galle,Habaraduwa,0.751183028,0.003648419,45,65198,4326,2850,2997,820,6667,3817,6.635172858,4.371299733,4.596766772,1.257707292,10.2257738,5.854474064,83.13905335,16.86094665
82,Matara,Hakmana,0.396804055,0.004026096,49,32875,2367,0,899,368,1267,1267,7.2,0,2.73460076,1.119391635,3.853992395,3.853992395,88.9460076,11.0539924
83,Badulla,Haldummulla,1.370012246,0.033961194,415,34575,1017,0,370,162,532,532,2.94143167,0,1.070137383,0.468546638,1.53868402,1.53868402,95.51988431,4.480115691
84,Badulla,Hali-Ela,0.85115149,0.013916718,170,96465,2963,0,1190,1754,2944,2944,3.071580366,0,1.233608044,1.818276059,3.051884103,3.051884103,93.87653553,6.123464469
85,Hambantota,Hambantota,2.258408574,0.026350256,322,65591,3056,0,1883,2374,4257,4257,4.659175802,0,2.870820692,3.619399003,6.490219695,6.490219695,88.8506045,11.1493955
86,Nuwara Eliya,Hanguranketa,0.996656874,0.018340022,224,89860,4478,0,1749,1182,2931,2931,4.983307367,0,1.946361006,1.315379479,3.261740485,3.261740485,91.75495215,8.245047852
87,Badulla,Haputale,0.53518605,0.005647474,69,50218,1142,0,426,453,879,879,2.274084989,0,0.848301406,0.902066988,1.750368394,1.750368394,95.97554662,4.024453383
88,Kandy,Harispattuwa,0.400282795,0.004054368,50,98626,4107,0,1568,2995,4563,4563,4.164216332,0,1.589844463,3.036724596,4.626569059,4.626569059,91.20921461,8.790785391
89,Kandy,Hatharaliyadda,0.449107693,0.005241269,64,31407,1104,0,421,823,1244,1244,3.515139937,0,1.340465501,2.620434935,3.960900436,3.960900436,92.52395963,7.476040373
90,Polonnaruwa,Higurakgoda,2.43386311,0.056312485,686,61884,5300,0,1240,96,1336,1336,8.564410833,0,2.00374895,0.155128951,2.158877901,2.158877901,89.27671127,10.72328873
91,Galle,Hikkaduwa,0.859828054,0.004992806,61,103453,7871,0,3411,402,3813,3813,7.608285888,0,3.29714943,0.388582255,3.685731685,3.685731685,88.70598243,11.29401757
92,Colombo,Homagama,0.674330529,0.009842958,120,294424,23309,0,15608,13065,28673,28673,7.916813847,0,5.301198272,4.437477923,9.738676195,9.738676195,82.34450996,17.65549004
93,Kalutara,Horana,0.573480957,0.009110205,111,135315,11063,0,7156,3453,10609,10609,8.175738093,0,5.288401138,2.551823523,7.840224661,7.840224661,83.98403725,16.01596275
94,Anuradhapura,Horowpathana,2.135437579,0.067808557,826,34709,1715,0,635,121,756,756,4.941081564,0,1.829496672,0.348612752,2.178109424,2.178109424,92.88080901,7.119190988
95,Kurunegala,Ibbagamuwa,1.09456723,0.01757075,214,93464,6107,0,3179,1038,4217,4217,6.534066592,0,3.401309595,1.110588034,4.511897629,4.511897629,88.95403578,11.04596422
96,Galle,Imaduwa,0.467956739,0.004754796,58,49371,4260,0,2081,935,3016,3016,8.628547123,0,4.215025015,1.89382431,6.108849325,6.108849325,85.26260355,14.73739645
97,Ratnapura,Imbulpe,1.059195415,0.021221063,259,62808,2089,0,1555,1349,2904,2904,3.326009426,0,2.475799261,2.147815565,4.623614826,4.623614826,92.05037575,7.949624252
98,Kalutara,Ingiriya,0.446932079,0.007741965,95,61405,2694,0,3329,3607,6936,6936,4.387264881,0,5.421382624,5.874114486,11.29549711,11.29549711,84.31723801,15.68276199
99,Anuradhapura,Ipalogama,0.759773368,0.011565656,141,44621,2537,0,938,239,1177,1177,5.685663701,0,2.102149212,0.535622241,2.637771453,2.637771453,91.67656485,8.323435154
100,Ampara,Irakkamam,0.687368171,0.005134896,63,14573,1563,0,649,34,683,683,10.72531394,0,4.453441296,0.233308173,4.686749468,4.686749468,84.5879366,15.4120634
101,Jaffna,Islands North (Kayts),0.542206066,0.002596071,32,11937,887,0,132,10,142,142,7.430677725,0,1.105805479,0.083773142,1.189578621,1.189578621,91.37974365,8.620256346
102,Jaffna,Islands South (Velanai),1.836794922,0.006990758,85,20074,1212,0,136,18,154,154,6.037660656,0,0.677493275,0.089668228,0.767161502,0.767161502,93.19517784,6.804822158
103,Gampaha,Ja Ela,0.481709436,0.005109912,62,219125,34379,0,6886,1639,8525,8525,15.68921848,0,3.142498574,0.7479749,3.890473474,3.890473474,80.42030804,19.57969196
104,Jaffna,Jaffna,0.220460743,0.000901836,11,53413,8419,0,255,22,277,277,15.76208039,0,0.477411866,0.041188475,0.518600341,0.518600341,83.71931927,16.28068073
105,Matara,Kaburupitiya,0.558891569,0.004680054,57,44480,2893,0,2728,1676,4404,4404,6.504046763,0,6.133093525,3.767985612,9.901079137,9.901079137,83.5948741,16.4051259
106,Colombo,Kaduwela,0.661078449,0.007044053,86,295524,21030,0,30102,77705,107807,107807,7.116173306,0,10.18597474,26.29397274,36.47994748,36.47994748,56.40387921,43.59612079
107,Anuradhapura,Kahatagasdigiliya,1.377136983,0.030322398,369,44496,2260,0,393,22,415,415,5.079108234,0,0.883225458,0.049442647,0.932668105,0.932668105,93.98822366,6.011776339
108,Ratnapura,Kahawattha,0.556136233,0.008524623,104,45386,1427,0,1246,1373,2619,2619,3.144141365,0,2.745339973,3.025161944,5.770501917,5.770501917,91.08535672,8.914643282
109,Ratnapura,Kalawana,1.163003411,0.031264847,382,50131,1305,0,1310,1041,2351,2351,2.603179669,0,2.613153538,2.076559414,4.689712952,4.689712952,92.70710738,7.292892621
110,Ampara,Kalmunai,0.288957146,0.001722202,21,72334,2735,0,1533,0,1533,1533,3.781071142,0,2.119335306,0,2.119335306,2.119335306,94.09959355,5.900406448
111,Puttalam,Kalpitiya,2.063236941,0.011829694,144,88166,7896,0,2128,477,2605,2605,8.955833314,0,2.413628837,0.541024885,2.954653721,2.954653721,88.08951296,11.91048704
112,Kalutara,Kalutara,0.703845639,0.006008433,73,170664,16745,0,7008,1496,8504,8504,9.811676745,0,4.106314161,0.876576197,4.982890358,4.982890358,85.2054329,14.7945671
113,Kilinochchi,Kandavalai,1.690093783,0.021727166,264,11375,803,0,67,6,73,73,7.059340659,0,0.589010989,0.052747253,0.641758242,0.641758242,92.2989011,7.701098901
114,Badulla,Kandeketiya,0.69183987,0.012310421,150,22924,759,0,552,313,865,865,3.310940499,0,2.407956727,1.36538126,3.773337986,3.773337986,92.91572151,7.084278485
115,Trincomalee,Kantale,1.543838315,0.032710115,398,47095,4350,0,839,430,1269,1269,9.236649326,0,1.781505468,0.913048094,2.694553562,2.694553562,88.06879711,11.93120289
116,Kilinochchi,Karachchi,1.602256046,0.032181251,391,35561,2470,0,580,65,645,645,6.945811423,0,1.631000253,0.182784511,1.813784764,1.813784764,91.24040381,8.759596187
117,Jaffna,Karainagar,0.248032109,0.001903503,23,12029,826,0,197,16,213,213,6.866738715,0,1.63770887,0.133011888,1.770720758,1.770720758,91.36254053,8.637459473
118,Ampara,Karaitivu,0.196189453,0.000805504,10,17285,2475,0,1238,0,1238,1238,14.3187735,0,7.162279433,0,7.162279433,7.162279433,78.51894706,21.48105294
119,Galle,Karandeniya,0.601160441,0.007166547,88,68837,6685,0,3416,979,4395,4395,9.711347095,0,4.962447521,1.42220027,6.384647791,6.384647791,83.90400511,16.09599489
120,Puttalam,Karuwalagaswewa,1.421641081,0.040740107,497,19924,933,0,251,24,275,275,4.68279462,0,1.259787191,0.120457739,1.380244931,1.380244931,93.93696045,6.06303955
121,Gampaha,Katana,0.831394396,0.008644051,106,247445,34786,0,12103,5807,17910,17910,14.05807351,0,4.891187941,2.346784134,7.237972075,7.237972075,78.70395441,21.29604559
122,Monaragala,Katharagama,1.340608973,0.049693038,608,17679,1402,0,1486,304,1790,1790,7.9303128,0,8.405452797,1.719554273,10.12500707,10.12500707,81.94468013,18.05531987
123,Batticaloa,Kattankudy,0.078027783,0.000312598,4,39269,7255,0,0,0,0,0,18.47513306,0,0,0,0,0,81.52486694,18.47513306
124,Hambantota,Katuwana,0.574574827,0.008546226,105,50868,2286,0,1423,1096,2519,2519,4.49398443,0,2.797436502,2.15459621,4.952032712,4.952032712,90.55398286,9.446017142
125,Anuradhapura,Kebithigollewa,1.713113639,0.050369407,613,18639,1012,0,166,13,179,179,5.42947583,0,0.890605719,0.069746231,0.96035195,0.96035195,93.61017222,6.38982778
126,Kegalle,Kegalle,0.737747672,0.008700691,106,94284,3829,0,2207,3417,5624,5624,4.061134445,0,2.340800136,3.624156803,5.964956939,5.964956939,89.97390862,10.02609138
127,Anuradhapura,Kekirawa,1.846500338,0.027356716,333,64778,4149,0,854,113,967,967,6.404952299,0,1.318348822,0.17444194,1.492790762,1.492790762,92.10225694,7.897743061
128,Gampaha,Kelaniya,0.342153375,0.001760427,22,148652,22482,0,50986,2900,53886,53886,15.12391357,0,34.29889944,1.950865108,36.24976455,36.24976455,48.62632188,51.37367812
129,Colombo,Kesbewa,0.612836605,0.004817458,59,281940,55028,0,14276,451,14727,14727,19.51762786,0,5.063488686,0.159963113,5.223451798,5.223451798,75.25892034,24.74107966
130,Trincomalee,Kinniya,1.010123368,0.012262878,149,64888,2721,0,2721,602,3323,3323,4.193379361,0,4.193379361,0.927752435,5.121131796,5.121131796,90.68548884,9.314511158
131,Ratnapura,Kiriella,0.646037427,0.006491456,79,35166,1007,0,1006,1450,2456,2456,2.863561395,0,2.860717739,4.123300916,6.984018654,6.984018654,90.15241995,9.847580049
132,Matara,Kirinda Puhulwella,0.410075739,0.003426331,42,21154,1214,0,783,442,1225,1225,5.738867354,0,3.701427626,2.08943935,5.790866976,5.790866976,88.47026567,11.52973433
133,Kurunegala,Kobeigane,0.654634635,0.010678838,130,39666,2643,0,911,205,1116,1116,6.663137196,0,2.296677255,0.516815409,2.813492664,2.813492664,90.52337014,9.476629859
134,Ratnapura,Kolonna,0.836882303,0.014538954,178,47387,1387,0,774,509,1283,1283,2.926963091,0,1.63335936,1.074134256,2.707493616,2.707493616,94.36554329,5.634456708
135,Colombo,Kolonnawa,0.325004818,0.002108979,26,234030,6511,0,58980,116707,175687,175687,2.78212195,0,25.20189719,49.86839294,75.07029013,75.07029013,22.14758792,77.85241208
136,Batticaloa,Koralai Pattu,0.467604383,0.002438888,30,22266,1686,0,269,92,361,361,7.572082996,0,1.208120004,0.413186024,1.621306027,1.621306027,90.80661098,9.193389024
137,Batticaloa,Koralai Pattu Central,0.241600725,0.000633419,8,26091,3273,0,373,174,547,547,12.54455559,0,1.429611744,0.666896631,2.096508375,2.096508375,85.35893603,14.64106397
138,Batticaloa,Koralai Pattu North,2.084637511,0.04178984,509,18549,1255,0,536,37,573,573,6.765863389,0,2.889643647,0.19947167,3.089115316,3.089115316,90.14502129,9.854978705
139,Batticaloa,Koralai Pattu South,1.809656679,0.048588243,593,27277,2961,0,951,422,1373,1373,10.85529934,0,3.486453789,1.547090956,5.033544745,5.033544745,84.11115592,15.88884408
140,Batticaloa,Koralai Pattu West,0.340094494,0.001877514,23,22198,5331,0,513,128,641,641,24.01567709,0,2.311019011,0.576628525,2.887647536,2.887647536,73.09667538,26.90332462
141,Matara,Kotapola,0.710634041,0.014629936,179,62678,1883,0,2488,3072,5560,5560,3.004243913,0,3.969494879,4.901241265,8.870736143,8.870736143,88.12501994,11.87498006
142,Kurunegala,Kotawehera,0.942654837,0.015214897,186,23477,1029,0,195,6,201,201,4.383013162,0,0.830600162,0.025556928,0.85615709,0.85615709,94.76082975,5.239170252
143,Nuwara Eliya,Kothmale,1.00442031,0.018409728,225,106437,5572,0,1682,1707,3389,3389,5.235021656,0,1.580277535,1.603765608,3.184043143,3.184043143,91.5809352,8.419064799
144,Trincomalee,Kuchchaweli,2.432898687,0.03331465,405,34403,2128,0,1051,142,1193,1193,6.185507078,0,3.054966137,0.412754702,3.467720838,3.467720838,90.34677208,9.653227916
145,Kurunegala,Kuliyapitiya East,0.652495155,0.009321525,114,60908,3871,0,1479,325,1804,1804,6.355486964,0,2.428252446,0.533591646,2.961844093,2.961844093,90.68266894,9.317331057
146,Kurunegala,Kuliyapitiya West,0.810052547,0.013556978,165,83544,5220,0,3362,1049,4411,4411,6.248204539,0,4.024226755,1.255625778,5.279852533,5.279852533,88.47194293,11.52805707
147,Kandy,Kundasale,0.587199232,0.006610353,81,149899,6777,0,4628,9097,13725,13725,4.52104417,0,3.087412191,6.06875296,9.156165151,9.156165151,86.32279068,13.67720932
148,Kurunegala,Kurunegala,0.989580636,0.007990121,98,79876,6154,0,5224,1522,6746,6746,7.704441885,0,6.540137213,1.905453453,8.445590666,8.445590666,83.84996745,16.15003255
149,Ratnapura,Kuruvita,0.876321761,0.013730445,168,101262,5241,0,5441,4548,9989,9989,5.175682882,0,5.373190338,4.491319547,9.864509885,9.864509885,84.95980723,15.04019277
150,Matale,Laggala,0.907784783,0.030314289,370,7855,261,0,130,71,201,201,3.322724379,0,1.654996817,0.903882877,2.558879694,2.558879694,94.11839593,5.881604074
151,Ampara,Lahugala,1.811199251,0.066088884,808,5821,510,0,313,35,348,348,8.761381206,0,5.377082975,0.601271259,5.978354235,5.978354235,85.26026456,14.73973544
152,Polonnaruwa,Lankapura,0.995894815,0.016170362,197,35929,2542,0,1201,172,1373,1373,7.075064711,0,3.342703666,0.478721924,3.821425589,3.821425589,89.1035097,10.8964903
153,Badulla,Lunugala,0.651436208,0.011705923,143,30747,847,0,489,348,837,837,2.7547403,0,1.590399063,1.131817738,2.722216802,2.722216802,94.5230429,5.476957102
154,Hambantota,Lunugamwehera,1.408025132,0.022807498,279,33481,1837,0,530,41,571,571,5.486693946,0,1.582987366,0.122457513,1.705444879,1.705444879,92.80786117,7.192138825
155,Puttalam,Madampe,0.570031467,0.007577261,92,51617,5681,0,2508,486,2994,2994,11.00606389,0,4.858864328,0.941550264,5.800414592,5.800414592,83.19352151,16.80647849
156,Mannar,Madhu,1.356661452,0.04640364,565,6496,716,0,70,19,89,89,11.02216749,0,1.077586207,0.292487685,1.370073892,1.370073892,87.60775862,12.39224138
157,Monaragala,Madulla,3.523107602,0.057490663,702,27677,1092,0,545,159,704,704,3.945514326,0,1.969144055,0.574484229,2.543628283,2.543628283,93.51085739,6.489142609
158,Kalutara,Madurawala,0.579242616,0.005085482,62,40283,1352,0,2545,5100,7645,7645,3.356254499,0,6.317801554,12.66042748,18.97822903,18.97822903,77.66551647,22.33448353
159,Puttalam,Mahakumbukkadawala,0.814399019,0.01509151,184,21426,972,0,218,14,232,232,4.536544385,0,1.017455428,0.065341174,1.082796602,1.082796602,94.38065901,5.619340988
160,Ampara,Mahaoya,1.773365845,0.05481444,669,19073,787,0,456,86,542,542,4.12625177,0,2.39081424,0.450899177,2.841713417,2.841713417,93.03203481,6.967965186
161,Gampaha,Mahara,0.969088347,0.007837466,96,253698,22695,0,22480,16084,38564,38564,8.945675567,0,8.860929136,6.339821362,15.2007505,15.2007505,75.85357393,24.14642607
162,Colombo,Maharagama,0.428707124,0.003091168,38,222984,38772,0,14025,6808,20833,20833,17.38779464,0,6.289688946,3.053133857,9.342822803,9.342822803,73.26938256,26.73061744
163,Puttalam,Mahawewa,0.636404575,0.005961054,73,53284,3707,0,2526,347,2873,2873,6.957060281,0,4.740635087,0.651227385,5.391862473,5.391862473,87.65107725,12.34892275
164,Anuradhapura,Mahawilachchiya,1.410666505,0.050184713,611,20475,874,0,175,25,200,200,4.268620269,0,0.854700855,0.122100122,0.976800977,0.976800977,94.75457875,5.245421245
165,Badulla,Mahiyanganaya,3.75632983,0.046653525,570,81314,4029,0,3390,3987,7377,7377,4.954866321,0,4.169023784,4.903214699,9.072238483,9.072238483,85.9728952,14.0271048
166,Kurunegala,Maho,0.910963788,0.021409437,261,63059,3393,0,943,220,1163,1163,5.380675241,0,1.49542492,0.348879621,1.84430454,1.84430454,92.77502022,7.224979781
167,Matara,Malimbada,0.42555889,0.003501448,43,36175,2360,0,1799,642,2441,2441,6.523842433,0,4.973047685,1.774706289,6.747753974,6.747753974,86.72840359,13.27159641
168,Kurunegala,Mallawapitiya,0.674391766,0.006489218,79,59858,5130,0,2889,223,3112,3112,8.570283003,0,4.826422533,0.372548364,5.198970898,5.198970898,86.2307461,13.7692539
169,Batticaloa,Manmunai North,0.743631868,0.003715244,45,87694,8325,0,920,24,944,944,9.49323785,0,1.049102561,0.027367893,1.076470454,1.076470454,89.4302917,10.5697083
170,Batticaloa,Manmunai Pattu,0.255157437,0.002066593,25,32437,3190,0,1269,43,1312,1312,9.834448315,0,3.912199032,0.132564664,4.044763696,4.044763696,86.12078799,13.87921201
171,Batticaloa,Manmunai South & Eruvil Pattu,0.633576937,0.003340653,41,59360,5627,0,828,51,879,879,9.479447439,0,1.394878706,0.085916442,1.480795148,1.480795148,89.03975741,10.96024259
172,Batticaloa,Manmunai South West,1.097815323,0.011584563,141,24696,2104,0,1797,2,1799,1799,8.519598316,0,7.276482021,0.008098477,7.284580499,7.284580499,84.19582119,15.80417881
173,Batticaloa,Manmunai West,1.484611731,0.022190783,271,28167,1669,0,676,39,715,715,5.925373664,0,2.399971598,0.1384599,2.538431498,2.538431498,91.53619484,8.463805162
174,Mannar,Mannar Town,2.146524253,0.016725268,203,48864,6009,0,1606,14,1620,1620,12.29739686,0,3.286673215,0.02865095,3.315324165,3.315324165,84.38727898,15.61272102
175,Mullaitivu,Manthai East,1.280275496,0.039547372,481,1126,35,0,5,1,6,6,3.108348135,0,0.444049734,0.088809947,0.53285968,0.53285968,96.35879218,3.641207815
176,Mannar,Manthai West,2.313684999,0.049792109,606,5941,352,0,48,1,49,49,5.924928463,0,0.80794479,0.016832183,0.824776974,0.824776974,93.25029456,6.749705437
177,Mullaitivu,Maritimepattu,3.352006028,0.045472698,553,18129,1009,0,449,126,575,575,5.565668266,0,2.476694798,0.69501903,3.171713829,3.171713829,91.26261791,8.737382095
178,Kurunegala,Maspotha,0.518784467,0.005437243,66,54110,5034,0,2239,639,2878,2878,9.303271114,0,4.137867307,1.18092774,5.318795047,5.318795047,85.37793384,14.62206616
179,Matale,Matale,0.610249245,0.005798657,71,79931,8676,0,2198,1387,3585,3585,10.85436189,0,2.749871764,1.73524665,4.485118415,4.485118415,84.6605197,15.3394803
180,Matara,Matara Four Gravets,0.535216572,0.004616471,57,121523,11061,0,3432,947,4379,4379,9.101980695,0,2.824156744,0.779276351,3.603433095,3.603433095,87.29458621,12.70541379
181,Kalutara,Matugama,0.784680329,0.011334301,139,88982,5350,0,5609,2060,7669,7669,6.012451957,0,6.303522061,2.315074959,8.61859702,8.61859702,85.36895102,14.63104898
182,Kegalle,Mawanella,0.754689956,0.009834467,120,125840,5356,0,4578,5061,9639,9639,4.256198347,0,3.637952956,4.021773681,7.659726637,7.659726637,88.08407502,11.91592498
183,Kurunegala,Mawathagama,0.713214803,0.008883274,108,72351,6944,0,2312,275,2587,2587,9.597655872,0,3.195532888,0.380091498,3.575624387,3.575624387,86.82671974,13.17328026
184,Kandy,Medadumbara,0.906382723,0.015173952,185,63295,3115,0,1321,1183,2504,2504,4.921399795,0,2.08705269,1.869025989,3.956078679,3.956078679,91.12252153,8.877478474
185,Monaragala,Medagama,0.776396336,0.019670718,240,37205,1532,0,943,309,1252,1252,4.117726112,0,2.534605564,0.83053353,3.365139094,3.365139094,92.51713479,7.482865206
186,Anuradhapura,Medawachchiya,1.10086161,0.040131962,489,47865,2526,0,706,147,853,853,5.277342526,0,1.474981719,0.307113757,1.782095477,1.782095477,92.940562,7.059438003
187,Polonnaruwa,Medirigiriya,1.738939358,0.046230395,563,68978,4838,0,1258,78,1336,1336,7.013830497,0,1.823769898,0.113079533,1.93684943,1.93684943,91.04932007,8.950679927
188,Badulla,Meegahakiula,0.637276796,0.008813833,108,21158,806,0,233,193,426,426,3.809433784,0,1.101238302,0.912184516,2.013422819,2.013422819,94.1771434,5.822856603
189,Anuradhapura,Mihinthale,1.090688669,0.018494201,225,41177,2863,0,410,18,428,428,6.952910605,0,0.995701484,0.043713724,1.039415208,1.039415208,92.00767419,7.992325813
190,Kalutara,Millaniya,0.53631825,0.006481588,79,58785,3579,0,4774,3067,7841,7841,6.088287829,0,8.121119333,5.217317343,13.33843668,13.33843668,80.5732755,19.4267245
191,Kandy,Minipe,1.058360074,0.02033554,248,53792,2791,0,1924,1931,3855,3855,5.188503867,0,3.576740036,3.589753123,7.166493159,7.166493159,87.64500297,12.35499703
192,Gampaha,Minuwangoda,0.665597526,0.010815526,132,202176,16581,0,11758,4086,15844,15844,8.20127018,0,5.815724913,2.021011396,7.836736309,7.836736309,83.96199351,16.03800649
193,Gampaha,Mirigama,0.955993539,0.015459471,189,187606,12589,0,7647,3130,10777,10777,6.710339755,0,4.076095647,1.668390137,5.744485784,5.744485784,87.54517446,12.45482554
194,Monaragala,Monaragala,0.891010172,0.023763929,290,52894,2100,0,1897,1358,3255,3255,3.97020456,0,3.586418119,2.567398949,6.153817068,6.153817068,89.87597837,10.12402163
195,Colombo,Moratuwa,0.303095862,0.001512639,18,165031,16617,0,136,0,136,136,10.06901734,0,0.08240876,0,0.08240876,0.08240876,89.8485739,10.1514261
196,Trincomalee,Morawewa,1.31321186,0.022349628,272,7119,362,0,74,3,77,77,5.084983846,0,1.039471836,0.04214075,1.081612586,1.081612586,93.83340357,6.166596432
197,Matara,Mulatiyana,0.541467079,0.009839342,120,55008,2007,0,1898,1962,3860,3860,3.648560209,0,3.450407213,3.566753927,7.01716114,7.01716114,89.33427865,10.66572135
198,Puttalam,Mundel,1.988879451,0.01726868,211,67121,7109,0,2164,415,2579,2579,10.59132015,0,3.224028247,0.618286378,3.842314626,3.842314626,85.56636522,14.43363478
199,Mannar,Musali,1.140041074,0.037982623,462,7106,479,0,40,5,45,45,6.740782437,0,0.562904588,0.070363073,0.633267661,0.633267661,92.6259499,7.374050099
200,Trincomalee,Muthur,1.29141373,0.015731656,192,62486,5393,0,5082,1118,6200,6200,8.630733284,0,8.133021797,1.789200781,9.922222578,9.922222578,81.44704414,18.55295586
201,Anuradhapura,Nachchaduwa,1.087820217,0.008389902,102,28104,1792,0,634,184,818,818,6.376316539,0,2.255906633,0.654711073,2.910617706,2.910617706,90.71306576,9.286934244
202,Galle,Nagoda,0.71801348,0.014167649,173,53997,1769,0,2210,2184,4394,4394,3.276107932,0,4.092819971,4.044669148,8.13748912,8.13748912,88.58640295,11.41359705
203,Jaffna,Nallur,0.561075241,0.002678181,33,77248,12290,0,1115,223,1338,1338,15.90979702,0,1.443403065,0.288680613,1.732083679,1.732083679,82.3581193,17.6418807
204,Mannar,Nanaddan,1.634258642,0.011498208,140,14964,1287,0,331,19,350,350,8.60064154,0,2.211975408,0.126971398,2.338946806,2.338946806,89.06041165,10.93958835
205,Kurunegala,Narammala,0.658183305,0.00888892,109,61864,4657,0,2968,1264,4232,4232,7.527802923,0,4.797620587,2.043191517,6.840812104,6.840812104,85.63138497,14.36861503
206,Puttalam,Nattandiya,0.450519315,0.006370967,78,67767,5745,0,4023,1123,5146,5146,8.477577582,0,5.936517774,1.65714876,7.593666534,7.593666534,83.92875588,16.07124412
207,Matale,Naula,0.993737912,0.023506952,287,30600,1099,0,712,433,1145,1145,3.591503268,0,2.326797386,1.41503268,3.741830065,3.741830065,92.66666667,7.333333333
208,Ampara,Navithanveli,0.608770522,0.005950348,73,19896,1359,0,481,8,489,489,6.830518697,0,2.417571371,0.040209087,2.457780458,2.457780458,90.71170084,9.288299156
209,Puttalam,Nawagattegama,0.654798043,0.013930812,170,13777,677,0,154,21,175,175,4.91398708,0,1.117805037,0.15242796,1.270232997,1.270232997,93.81577992,6.184220077
210,Gampaha,Negombo,0.679177218,0.002305827,28,136898,11901,0,189,68,257,257,8.693333723,0,0.138058993,0.049672019,0.187731011,0.187731011,91.11893527,8.881064734
211,Galle,Neluwa,0.633184043,0.012465337,153,28683,869,0,865,859,1724,1724,3.029669142,0,3.015723599,2.994805285,6.010528885,6.010528885,90.95980197,9.040198027
212,Kurunegala,Nikaweratiya,0.885502166,0.01224779,149,43917,2309,0,1365,336,1701,1701,5.257645103,0,3.108135802,0.765079582,3.873215384,3.873215384,90.86913951,9.130860487
213,Ampara,Nintavur,0.562864371,0.002789675,34,26834,2403,0,3274,734,4008,4008,8.955057017,0,12.20093911,2.735335768,14.93627488,14.93627488,76.10866811,23.89133189
214,Ratnapura,Nivithigala,0.715483274,0.012549425,153,60253,1521,0,1521,1597,3118,3118,2.524355634,0,2.524355634,2.650490432,5.174846066,5.174846066,92.3007983,7.6992017
215,Galle,Niyagama,0.609468699,0.008530717,104,37570,1689,0,1650,713,2363,2363,4.495608198,0,4.39180197,1.897790791,6.28959276,6.28959276,89.21479904,10.78520096
216,Anuradhapura,Nochchiyagama,1.916992204,0.068694126,837,52791,2922,0,967,122,1089,1089,5.535034381,0,1.831751624,0.231099998,2.062851622,2.062851622,92.402114,7.597886003
217,Nuwara Eliya,Nuwara Eliya,1.313912558,0.039472393,482,212577,9546,0,5027,8372,13399,13399,4.490608109,0,2.36479017,3.938337638,6.303127808,6.303127808,89.20626408,10.79373592
218,Anuradhapura,Nuwaragam Palatha Central,1.269191304,0.03276173,399,67505,4611,0,1430,87,1517,1517,6.83060514,0,2.118361603,0.128879342,2.247240945,2.247240945,90.92215391,9.077846085
219,Anuradhapura,Nuwaragam Palatha East,0.708842809,0.00704127,86,73995,7739,0,3762,1719,5481,5481,10.45881478,0,5.084127306,2.323129941,7.407257247,7.407257247,82.13392797,17.86607203
220,Mullaitivu,Oddusuddan,2.136197036,0.061542337,748,7209,351,0,122,16,138,138,4.868913858,0,1.692329033,0.221944791,1.914273824,1.914273824,93.21681232,6.783187682
221,Hambantota,Okewela,0.435147209,0.003434836,42,21078,1382,0,730,194,924,924,6.556599298,0,3.463326691,0.920390929,4.38371762,4.38371762,89.05968308,10.94031692
222,Ratnapura,Opanayake,0.47598862,0.00648457,79,28979,979,0,771,1763,2534,2534,3.37830843,0,2.660547293,6.083715794,8.744263087,8.744263087,87.87742848,12.12257152
223,Kilinochchi,Pachchilaipalli,1.139187385,0.013534654,164,7554,447,0,94,21,115,115,5.917394758,0,1.244373842,0.277998411,1.522372253,1.522372253,92.56023299,7.439767011
224,Trincomalee,Padavi Sri Pura,0.700751658,0.009375617,114,12565,758,0,107,8,115,115,6.032630322,0,0.851571827,0.063668922,0.915240748,0.915240748,93.05212893,6.94787107
225,Anuradhapura,Padaviya,1.356362623,0.019290856,235,21666,1210,0,112,2,114,114,5.584787224,0,0.516938983,0.009231053,0.526170036,0.526170036,93.88904274,6.11095726
226,Ampara,Padiyathalawa,1.377390699,0.030889974,377,17374,730,0,449,105,554,554,4.201680672,0,2.5843214,0.60435133,3.188672729,3.188672729,92.6096466,7.390353402
227,Colombo,Padukka,0.714612222,0.008651087,106,78969,4096,0,4446,4633,9079,9079,5.186845471,0,5.630057364,5.866859147,11.49691651,11.49691651,83.31623802,16.68376198
228,Anuradhapura,Palagala,1.05009031,0.018007914,220,37272,1894,0,572,91,663,663,5.081562567,0,1.534664091,0.244151105,1.778815196,1.778815196,93.13962224,6.860377763
229,Kalutara,Palindanuwara,0.860879986,0.023231787,284,55785,1833,0,1908,1021,2929,2929,3.285829524,0,3.420274267,1.830241104,5.250515372,5.250515372,91.4636551,8.536344896
230,Puttalam,Pallama,0.741177445,0.009930804,121,26575,1236,0,520,90,610,610,4.65098777,0,1.956726246,0.338664158,2.295390405,2.295390405,93.05362183,6.946378175
231,Matale,Pallepola,0.673378644,0.006710119,82,32469,1336,0,872,307,1179,1179,4.114694016,0,2.685638609,0.945517263,3.631155872,3.631155872,92.25415011,7.745849888
232,Anuradhapura,Palugaswewa,1.055679627,0.016674631,203,14234,707,0,272,63,335,335,4.966980469,0,1.910917521,0.44260222,2.353519741,2.353519741,92.67949979,7.320500211
233,Kalutara,Panadura,0.674963439,0.003480397,43,205215,21879,0,10279,353,10632,10632,10.66150135,0,5.008893112,0.172014716,5.180907828,5.180907828,84.15759082,15.84240918
234,Kurunegala,Panduwasnuwara East,0.573563042,0.008398398,103,34503,1924,0,668,161,829,829,5.576326696,0,1.936063531,0.46662609,2.402689621,2.402689621,92.02098368,7.979016317
235,Kurunegala,Panduwasnuwara West,0.907923417,0.014829202,181,62998,4430,0,1304,228,1532,1532,7.031969269,0,2.069906981,0.361916251,2.431823232,2.431823232,90.5362075,9.463792501
236,Kurunegala,Pannala,0.992660849,0.02310787,282,131874,8934,0,6290,1845,8135,8135,6.774648528,0,4.769704415,1.399062742,6.168767157,6.168767157,87.05658432,12.94341568
237,Kandy,Panvila,0.470191915,0.007588163,93,26632,1201,0,466,321,787,787,4.509612496,0,1.749774707,1.205316912,2.955091619,2.955091619,92.53529588,7.464704115
238,Kandy,Pasbagekorale,0.591502098,0.009950745,122,62753,2991,0,1711,3937,5648,5648,4.766305993,0,2.726562873,6.273803643,9.000366516,9.000366516,86.23332749,13.76667251
239,Matara,Pasgoda,0.62938479,0.012588812,154,61339,2000,0,1887,1727,3614,3614,3.260568317,0,3.076346207,2.815500742,5.891846949,5.891846949,90.84758473,9.152415266
240,Badulla,Passara,0.764416872,0.011015684,135,48988,1544,0,357,273,630,630,3.151792276,0,0.728749898,0.557279334,1.286029232,1.286029232,95.56217849,4.437821507
241,Kandy,Pathadumbara,0.458306782,0.004010199,49,97411,4298,0,2735,9193,11928,11928,4.412232705,0,2.807691123,9.437332539,12.24502366,12.24502366,83.34274363,16.65725637
242,Kandy,Pathahewaheta,0.549978861,0.006817396,83,62340,3264,0,1262,1577,2839,2839,5.235803657,0,2.024382419,2.52967597,4.554058389,4.554058389,90.21013795,9.789862047
243,Ratnapura,Pelmadulla,0.839259066,0.011996726,147,94317,4274,0,3784,5520,9304,9304,4.53152666,0,4.012002078,5.852603454,9.864605532,9.864605532,85.60386781,14.39613219
244,Matara,Pitabaddara,0.714885724,0.011195537,137,53326,1532,0,1762,2263,4025,4025,2.872895023,0,3.304204328,4.24370851,7.547912838,7.547912838,89.57919214,10.42080786
245,Kurunegala,Polgahawela,0.479676599,0.007908624,97,70346,5965,0,3314,2619,5933,5933,8.479515537,0,4.710999915,3.723026185,8.4340261,8.4340261,83.08645836,16.91354164
246,Kurunegala,Polpitigama,1.311567426,0.033869149,413,82589,3815,0,1571,341,1912,1912,4.619259223,0,1.902190364,0.412887915,2.315078279,2.315078279,93.0656625,6.934337503
247,Kandy,Poojapitiya,0.493180897,0.004800834,59,65551,2022,0,1322,1559,2881,2881,3.084621135,0,2.016750317,2.378300865,4.395051182,4.395051182,92.52032768,7.479672316
248,Kilinochchi,Poonakary,3.513537615,0.038103503,463,9799,659,0,141,28,169,169,6.725176038,0,1.438922339,0.285743443,1.724665782,1.724665782,91.55015818,8.449841821
249,Batticaloa,Porativu Pattu,0.98276954,0.012731757,155,32334,2428,0,771,96,867,867,7.509123523,0,2.384486918,0.296901095,2.681388013,2.681388013,89.80948846,10.19051154
250,Ampara,Pottuvil,1.361271314,0.024739226,302,36366,2604,0,1021,5,1026,1026,7.160534565,0,2.807567508,0.013749106,2.821316614,2.821316614,90.01814882,9.98185118
251,Mullaitivu,Puthukkudiyiruppu,0.995057877,0.026826087,326,6534,378,0,81,11,92,92,5.785123967,0,1.239669421,0.168350168,1.40801959,1.40801959,92.80685644,7.193143557
252,Puttalam,Puttalam,1.123282074,0.013651738,166,88548,15266,0,3202,1026,4228,4228,17.24036681,0,3.616117812,1.15869359,4.774811402,4.774811402,77.98482179,22.01517821
253,Anuradhapura,Rajanganaya,0.997139755,0.008064795,98,37434,2060,0,726,163,889,889,5.503018646,0,1.939413368,0.435433029,2.374846396,2.374846396,92.12213496,7.877865042
254,Anuradhapura,Rambewa,1.181077561,0.025087994,306,39667,2357,0,426,12,438,438,5.941966874,0,1.073940555,0.030251847,1.104192402,1.104192402,92.95384072,7.046159276
255,Kegalle,Rambukkana,0.753413696,0.010465517,128,89197,4134,0,4607,4437,9044,9044,4.634685023,0,5.164971916,4.974382546,10.13935446,10.13935446,85.22596051,14.77403949
256,Kurunegala,Rasnayakapura,0.686951967,0.010207953,125,24406,1086,0,428,83,511,511,4.449725477,0,1.753667131,0.340080308,2.093747439,2.093747439,93.45652708,6.543472916
257,Colombo,Ratmalana,0.149868686,0.001051064,13,89342,12491,0,260,0,260,260,13.98110631,0,0.291016543,0,0.291016543,0.291016543,85.72787715,14.27212285
258,Ratnapura,Ratnapura,1.244313078,0.027069507,331,128098,3499,0,4994,19132,24126,24126,2.731502443,0,3.898577651,14.93544005,18.83401771,18.83401771,78.43447985,21.56552015
259,Matale,Rattota,0.607977592,0.008514116,104,54837,1880,0,1309,1991,3300,3300,3.428342178,0,2.387074421,3.630760253,6.017834674,6.017834674,90.55382315,9.446176851
260,Kurunegala,Rideegama,0.880149536,0.018446955,225,97060,5428,0,4024,2134,6158,6158,5.592417062,0,4.145889141,2.198640016,6.344529157,6.344529157,88.06305378,11.93694622
261,Badulla,Rideemaliyadda,1.886545737,0.035114281,429,53820,2355,0,836,256,1092,1092,4.375696767,0,1.553325901,0.475659606,2.028985507,2.028985507,93.59531773,6.404682274
262,Kegalle,Ruwanwella,0.610756604,0.011508169,141,70809,1670,0,2188,10803,12991,12991,2.358457258,0,3.090002683,15.25653519,18.34653787,18.34653787,79.29500487,20.70499513
263,Ampara,Sainthamaruthu,0.078094992,0.000273114,3,32638,1834,0,4557,180,4737,4737,5.619216864,0,13.96225259,0.551504381,14.51375697,14.51375697,79.86702617,20.13297383
264,Ampara,Sammanthurai,1.220117117,0.008678927,106,67294,3813,0,928,47,975,975,5.666181235,0,1.37902339,0.069842779,1.448866169,1.448866169,92.8849526,7.115047404
265,Colombo,Seethawaka,0.712476001,0.011905654,146,133289,4810,0,7105,22132,29237,29237,3.608699893,0,5.330522399,16.604521,21.9350434,21.9350434,74.45625671,25.54374329
266,Trincomalee,Seruvila,1.297939666,0.024031496,293,16225,1233,0,392,62,454,454,7.599383667,0,2.416024653,0.382126348,2.798151002,2.798151002,89.60246533,10.39753467
267,Monaragala,Sevanagala,0.859728645,0.014798098,181,46530,1949,0,1189,856,2045,2045,4.188695465,0,2.55534064,1.839673329,4.395013969,4.395013969,91.41629057,8.583709435
268,Monaragala,Siyambalanduwa,2.423152709,0.08636231,1056,49442,1978,0,922,323,1245,1245,4.000647223,0,1.864811294,0.653290724,2.518102019,2.518102019,93.48125076,6.518749242
269,Hambantota,Sooriyawewa,0.934481395,0.015623745,191,49653,2756,0,1084,462,1546,1546,5.550520613,0,2.183151068,0.930457374,3.113608443,3.113608443,91.33587094,8.664129056
270,Badulla,Soranathota,0.420445121,0.00658924,81,23385,729,0,250,162,412,412,3.117382938,0,1.069061364,0.692751764,1.761813128,1.761813128,95.12080393,4.879196066
271,Colombo,Sri Jayawardanapura Kotte,0.256884909,0.001326884,16,112277,5806,0,11058,50241,61299,61299,5.171139236,0,9.848855954,44.74736589,54.59622184,54.59622184,40.23263892,59.76736108
272,Hambantota,Tangalle,1.034238729,0.012223036,150,79727,4478,0,2596,1231,3827,3827,5.616666876,0,3.25611148,1.544018965,4.800130445,4.800130445,89.58320268,10.41679732
273,Anuradhapura,Thalawa,1.385897074,0.018605577,227,65146,3655,0,1118,89,1207,1207,5.610474933,0,1.716145274,0.136616216,1.85276149,1.85276149,92.53676358,7.463236423
274,Polonnaruwa,Thamankaduwa,1.959472938,0.036217031,442,85788,6268,0,5056,2369,7425,7425,7.306383177,0,5.893598172,2.761458479,8.655056651,8.655056651,84.03856017,15.96143983
275,Trincomalee,Thambalagamuwa,1.025120709,0.022390313,273,26407,2901,0,335,12,347,347,10.98572348,0,1.268603022,0.045442496,1.314045518,1.314045518,87.700231,12.299769
276,Anuradhapura,Thambuththegama,0.809430063,0.009230755,113,48186,3600,0,851,75,926,926,7.471049682,0,1.766073133,0.155646868,1.921720002,1.921720002,90.60723032,9.392769684
277,Monaragala,Thanamalwila,2.392100828,0.050266154,615,24542,1152,0,635,322,957,957,4.69399397,0,2.58740119,1.312036509,3.899437699,3.899437699,91.40656833,8.593431668
278,Galle,Thawalama,0.630236248,0.014197244,174,32550,834,0,878,1282,2160,2160,2.562211982,0,2.697388633,3.938556068,6.6359447,6.6359447,90.80184332,9.198156682
279,Jaffna,Thenmaradchi (Chavakachcheri),2.422687724,0.017138261,208,70659,5713,0,1375,183,1558,1558,8.085311142,0,1.945965836,0.258990362,2.204956198,2.204956198,89.70973266,10.29026734
280,Matara,Thihagoda,0.562745419,0.004288441,53,38040,4019,0,2565,306,2871,2871,10.56519453,0,6.742902208,0.804416404,7.547318612,7.547318612,81.88748686,18.11251314
281,Colombo,Thimbirigasyaya,0.256345146,0.001823917,22,230171,46565,0,24647,1128,25775,25775,20.23061115,0,10.7081257,0.490070426,11.19819612,11.19819612,68.57119272,31.42880728
282,Anuradhapura,Thirappane,1.407995427,0.022306681,272,28053,1425,0,342,22,364,364,5.079670623,0,1.21912095,0.078422985,1.297543935,1.297543935,93.62278544,6.377214558
283,Hambantota,Thissamaharama,2.519870551,0.064090608,784,73184,6058,0,3113,829,3942,3942,8.277765632,0,4.253662003,1.132761259,5.386423262,5.386423262,86.33581111,13.66418889
284,Mullaitivu,Thunukkai,1.005084552,0.026763783,325,2545,121,0,8,0,8,8,4.754420432,0,0.314341847,0,0.314341847,0.314341847,94.93123772,5.068762279
285,Ampara,Tirukkovil,1.454848203,0.016126202,197,25494,1846,0,779,40,819,819,7.240919432,0,3.05562093,0.156899663,3.212520593,3.212520593,89.54655997,10.45344003
286,Trincomalee,Town & Gravets,1.129602104,0.010529338,128,99275,6830,0,861,345,1206,1206,6.879879124,0,0.867287837,0.347519516,1.214807353,1.214807353,91.90531352,8.094686477
287,Kandy,Tumpane,0.416493589,0.004171462,51,41142,1329,0,884,703,1587,1587,3.230275631,0,2.148655875,1.708716154,3.857372029,3.857372029,92.91235234,7.087647659
288,Kandy,Udapalatha,0.83704723,0.007701983,94,100254,2630,0,2501,14254,16755,16755,2.623336725,0,2.494663555,14.21788657,16.71255012,16.71255012,80.66411315,19.33588685
289,Kurunegala,Udubaddawa,0.573460945,0.009823688,120,56979,3980,0,1940,321,2261,2261,6.985029572,0,3.404763158,0.56336545,3.968128609,3.968128609,89.04684182,10.95315818
290,Kandy,Ududumbara,1.053249191,0.022302103,272,20010,559,0,219,199,418,418,2.793603198,0,1.094452774,0.994502749,2.088955522,2.088955522,95.11744128,4.882558721
291,Kandy,Udunuwara,0.37056544,0.00563694,69,123283,5328,0,3219,3430,6649,6649,4.321763747,0,2.611065597,2.782216526,5.393282123,5.393282123,90.28495413,9.71504587
292,Ampara,Uhana,1.66047922,0.043050149,526,59479,4249,0,930,110,1040,1040,7.143697776,0,1.563577061,0.184939222,1.748516283,1.748516283,91.10778594,8.892214059
293,Matale,Ukuwela,0.679795488,0.0065104,79,76878,2672,0,4017,3205,7222,7222,3.475636723,0,5.225161945,4.168943001,9.394104945,9.394104945,87.13025833,12.86974167
294,Badulla,Uvaparanagama,0.617156809,0.011269113,138,80186,3010,0,1213,1445,2658,2658,3.753772479,0,1.512732896,1.80206021,3.314793106,3.314793106,92.93143441,7.068565585
295,Jaffna,Vadamaradchchi East,1.624848617,0.012767657,155,9276,718,0,66,0,66,66,7.740405347,0,0.711513583,0,0.711513583,0.711513583,91.54808107,8.451918931
296,Jaffna,Vadamaradchchi South-West (Karaveddy),1.579638401,0.005627027,68,44438,4626,0,2125,151,2276,2276,10.41000945,0,4.781943382,0.339799271,5.121742653,5.121742653,84.4682479,15.5317521
297,Jaffna,Vadamaradchi North (Point Pedro),0.479056363,0.003207843,39,52712,5336,0,445,116,561,561,10.12293216,0,0.844210047,0.220063743,1.06427379,1.06427379,88.81279405,11.18720595
298,Jaffna,Valikamam East (Kopay),1.209349645,0.007962932,97,75526,13339,0,2372,219,2591,2591,17.66146757,0,3.140640309,0.289966369,3.430606678,3.430606678,78.90792575,21.09207425
299,Jaffna,Valikamam North (Thllippalai),0.465673456,0.005053878,61,35054,6251,0,1882,669,2551,2551,17.83248702,0,5.368859474,1.908484053,7.277343527,7.277343527,74.89016945,25.10983055
300,Jaffna,Valikamam South (Uduvil),0.417239404,0.002708496,33,58186,7027,0,2281,420,2701,2701,12.07678823,0,3.920186987,0.721823119,4.642010106,4.642010106,83.28120166,16.71879834
301,Jaffna,Valikamam South West (Sandilipay),0.689596945,0.003806086,46,52132,5932,0,1094,111,1205,1205,11.37880764,0,2.098519144,0.212921047,2.31144019,2.31144019,86.30975217,13.69024783
302,Jaffna,Valikamam West (Chankanai),0.515654544,0.003916334,48,45609,4225,0,756,145,901,901,9.26352255,0,1.657567585,0.317919709,1.975487294,1.975487294,88.76099016,11.23900984
303,Puttalam,Vanathavilluwa,1.933078859,0.060350603,735,13302,676,0,339,46,385,385,5.081942565,0,2.548488949,0.34581266,2.894301609,2.894301609,92.02375583,7.976244174
304,Vavuniya,Vavuniya,1.928897344,0.050617921,616,102375,10199,0,1404,136,1540,1540,9.962393162,0,1.371428571,0.132844933,1.504273504,1.504273504,88.53333333,11.46666667
305,Vavuniya,Vavuniya North,1.396687267,0.056468731,687,4166,276,0,41,4,45,45,6.62506001,0,0.984157465,0.096015362,1.080172828,1.080172828,92.29476716,7.705232837
306,Vavuniya,Vavuniya South,2.00972901,0.017448929,212,14692,790,0,204,31,235,235,5.37707596,0,1.388510754,0.210999183,1.599509937,1.599509937,93.0234141,6.976585897
307,Vavuniya,Vengalacheddikulam,1.616642211,0.03398006,414,30863,2180,0,305,83,388,388,7.063474063,0,0.988238344,0.268930435,1.257168778,1.257168778,91.67935716,8.320642841
308,Trincomalee,Verugal,0.977496645,0.006497019,79,14881,1085,0,612,103,715,715,7.291176668,0,4.11262684,0.692157785,4.804784625,4.804784625,87.90403871,12.09596129
309,Kalutara,Walallawita,0.824608134,0.017297948,212,57266,2338,0,2537,957,3494,3494,4.082701778,0,4.430202913,1.671148675,6.101351587,6.101351587,89.81594664,10.18405336
310,Nuwara Eliya,Walapane,1.19270156,0.025603209,313,100346,4923,0,1600,1644,3244,3244,4.906025153,0,1.594483089,1.638331373,3.232814462,3.232814462,91.86116039,8.138839615
311,Hambantota,Walasmulla,0.838030341,0.00861718,105,46828,2596,0,1581,550,2131,2131,5.543691808,0,3.376185188,1.174510976,4.550696165,4.550696165,89.90561203,10.09438797
312,Kegalle,Warakapola,0.851964306,0.016127814,197,121267,4408,0,4082,5099,9181,9181,3.634954274,0,3.366125986,4.20477129,7.570897276,7.570897276,88.79414845,11.20585155
313,Kurunegala,Wariyapola,0.889612525,0.016544608,202,66365,4234,0,1096,182,1278,1278,6.379868907,0,1.651472915,0.27424094,1.925713855,1.925713855,91.69441724,8.305582762
314,Gampaha,Wattala,0.576782902,0.004658341,57,192759,26129,0,32288,2776,35064,35064,13.5552685,0,16.75045004,1.440140279,18.19059032,18.19059032,68.25414118,31.74585882
315,Kurunegala,Weerabugedara,0.535379128,0.007523774,92,38997,2494,0,952,307,1259,1259,6.395363746,0,2.441213427,0.787240044,3.228453471,3.228453471,90.37618278,9.623817217
316,Hambantota,Weeraketiya,0.58956914,0.00664959,81,31247,3108,0,1116,335,1451,1451,9.946554869,0,3.571542868,1.072102922,4.64364579,4.64364579,85.40979934,14.59020066
